{
  "type": "FeatureCollection",
  "name": "Bản đồ Ea Súp sau sáp nhập - 20 thôn buôn",
  "features": [
    {
      "type": "Feature",
      "properties": {
        "name": "Ranh giới địa phận Ea Súp (Vùng 1)",
        "description": "Ranh giới thôn buôn xã Ea Súp sau sáp nhập",
        "color": "#0000ff",
        "weight": 2.5,
        "opacity": 0.9,
        "fillColor": "#0000ff",
        "fillOpacity": 0.15
      },
      "geometry": {
        "type": "Polygon",
        "coordinates": [
          [
            [
              107.889223,
              13.070792
            ],
            [
              107.889231,
              13.070793
            ],
            [
              107.889243,
              13.070793
            ],
            [
              107.889262,
              13.070792
            ],
            [
              107.889279,
              13.070788
            ],
            [
              107.889285,
              13.070786
            ],
            [
              107.889291,
              13.070783
            ],
            [
              107.889296,
              13.070781
            ],
            [
              107.889301,
              13.070777
            ],
            [
              107.889306,
              13.070774
            ],
            [
              107.889311,
              13.070771
            ],
            [
              107.889316,
              13.070767
            ],
            [
              107.88932,
              13.070763
            ],
            [
              107.889326,
              13.070756
            ],
            [
              107.889331,
              13.07075
            ],
            [
              107.889336,
              13.070743
            ],
            [
              107.88934,
              13.070736
            ],
            [
              107.889344,
              13.070729
            ],
            [
              107.889346,
              13.070722
            ],
            [
              107.889349,
              13.070714
            ],
            [
              107.889351,
              13.070706
            ],
            [
              107.889355,
              13.070682
            ],
            [
              107.889369,
              13.070682
            ],
            [
              107.889369,
              13.070814
            ],
            [
              107.888972,
              13.070813
            ],
            [
              107.888972,
              13.070681
            ],
            [
              107.888987,
              13.070681
            ],
            [
              107.888993,
              13.070716
            ],
            [
              107.888996,
              13.070723
            ],
            [
              107.888999,
              13.070729
            ],
            [
              107.889002,
              13.070735
            ],
            [
              107.889005,
              13.070741
            ],
            [
              107.889009,
              13.070747
            ],
            [
              107.889013,
              13.070752
            ],
            [
              107.889017,
              13.070757
            ],
            [
              107.889022,
              13.070762
            ],
            [
              107.889026,
              13.070767
            ],
            [
              107.889031,
              13.07077
            ],
            [
              107.889035,
              13.070774
            ],
            [
              107.889041,
              13.070778
            ],
            [
              107.889046,
              13.070781
            ],
            [
              107.889051,
              13.070783
            ],
            [
              107.889057,
              13.070786
            ],
            [
              107.889063,
              13.070788
            ],
            [
              107.889066,
              13.070789
            ],
            [
              107.88907,
              13.07079
            ],
            [
              107.889075,
              13.070791
            ],
            [
              107.889079,
              13.070791
            ],
            [
              107.889084,
              13.070792
            ],
            [
              107.889088,
              13.070792
            ],
            [
              107.889093,
              13.070793
            ],
            [
              107.889098,
              13.070793
            ],
            [
              107.889107,
              13.070792
            ],
            [
              107.889118,
              13.070792
            ],
            [
              107.889119,
              13.070439
            ],
            [
              107.889119,
              13.070433
            ],
            [
              107.889118,
              13.070427
            ],
            [
              107.889117,
              13.070421
            ],
            [
              107.889115,
              13.070416
            ],
            [
              107.889113,
              13.070411
            ],
            [
              107.889111,
              13.070407
            ],
            [
              107.889108,
              13.070402
            ],
            [
              107.889104,
              13.070399
            ],
            [
              107.889101,
              13.070395
            ],
            [
              107.889096,
              13.070392
            ],
            [
              107.889092,
              13.07039
            ],
            [
              107.889087,
              13.070388
            ],
            [
              107.889082,
              13.070386
            ],
            [
              107.889076,
              13.070385
            ],
            [
              107.889071,
              13.070384
            ],
            [
              107.889064,
              13.070384
            ],
            [
              107.889064,
              13.07037
            ],
            [
              107.889279,
              13.070371
            ],
            [
              107.889279,
              13.070384
            ],
            [
              107.889272,
              13.070384
            ],
            [
              107.889266,
              13.070385
            ],
            [
              107.889261,
              13.070386
            ],
            [
              107.889256,
              13.070388
            ],
            [
              107.889251,
              13.07039
            ],
            [
              107.889246,
              13.070393
            ],
            [
              107.889242,
              13.070396
            ],
            [
              107.889238,
              13.070399
            ],
            [
              107.889235,
              13.070403
            ],
            [
              107.889232,
              13.070407
            ],
            [
              107.88923,
              13.070412
            ],
            [
              107.889228,
              13.070417
            ],
            [
              107.889226,
              13.070422
            ],
            [
              107.889225,
              13.070427
            ],
            [
              107.889224,
              13.070433
            ],
            [
              107.889224,
              13.07044
            ],
            [
              107.889223,
              13.070792
            ]
          ]
        ]
      }
    },
    {
      "type": "Feature",
      "properties": {
        "name": "Ranh giới địa phận Ea Súp (Vùng 2)",
        "description": "Ranh giới thôn buôn xã Ea Súp sau sáp nhập",
        "color": "#ffff00",
        "weight": 2.5,
        "opacity": 0.9,
        "fillColor": "#ffff00",
        "fillOpacity": 0.15
      },
      "geometry": {
        "type": "Polygon",
        "coordinates": [
          [
            [
              107.874134,
              13.070725
            ],
            [
              107.874326,
              13.070884
            ],
            [
              107.874519,
              13.070726
            ],
            [
              107.874574,
              13.070726
            ],
            [
              107.874375,
              13.070983
            ],
            [
              107.874277,
              13.070983
            ],
            [
              107.874081,
              13.070725
            ],
            [
              107.874134,
              13.070725
            ]
          ]
        ]
      }
    },
    {
      "type": "Feature",
      "properties": {
        "name": "Ranh giới địa phận Ea Súp (Vùng 3)",
        "description": "Đường ranh giới hành chính thôn buôn xã Ea Súp",
        "color": "#ffff00",
        "weight": 3,
        "opacity": 0.85
      },
      "geometry": {
        "type": "LineString",
        "coordinates": [
          [
            107.886429,
            13.069288
          ],
          [
            107.886428,
            13.069286
          ],
          [
            107.886427,
            13.069284
          ],
          [
            107.886427,
            13.069281
          ],
          [
            107.886426,
            13.069278
          ],
          [
            107.886425,
            13.069275
          ],
          [
            107.886424,
            13.069271
          ],
          [
            107.886423,
            13.069267
          ],
          [
            107.886423,
            13.069262
          ],
          [
            107.886421,
            13.069244
          ],
          [
            107.886421,
            13.069224
          ],
          [
            107.886421,
            13.069209
          ],
          [
            107.886421,
            13.069196
          ],
          [
            107.886422,
            13.069182
          ],
          [
            107.886424,
            13.069168
          ],
          [
            107.886425,
            13.069162
          ],
          [
            107.886426,
            13.069156
          ],
          [
            107.886426,
            13.06915
          ],
          [
            107.886428,
            13.069146
          ],
          [
            107.886429,
            13.069141
          ],
          [
            107.88643,
            13.069138
          ],
          [
            107.886431,
            13.069135
          ],
          [
            107.886432,
            13.069132
          ],
          [
            107.886435,
            13.069128
          ],
          [
            107.886438,
            13.069124
          ],
          [
            107.886442,
            13.06912
          ],
          [
            107.886446,
            13.069118
          ],
          [
            107.886448,
            13.069116
          ],
          [
            107.88645,
            13.069116
          ],
          [
            107.886452,
            13.069115
          ],
          [
            107.886454,
            13.069114
          ],
          [
            107.886457,
            13.069114
          ],
          [
            107.886459,
            13.069113
          ],
          [
            107.886461,
            13.069113
          ],
          [
            107.886464,
            13.069113
          ],
          [
            107.886467,
            13.069113
          ],
          [
            107.88647,
            13.069113
          ],
          [
            107.886473,
            13.069114
          ],
          [
            107.886477,
            13.069115
          ],
          [
            107.886485,
            13.069117
          ],
          [
            107.886492,
            13.06912
          ],
          [
            107.886497,
            13.069159
          ],
          [
            107.886497,
            13.06918
          ],
          [
            107.886498,
            13.0692
          ],
          [
            107.886497,
            13.069227
          ],
          [
            107.886497,
            13.069233
          ],
          [
            107.886497,
            13.069237
          ],
          [
            107.886496,
            13.06924
          ],
          [
            107.886496,
            13.069244
          ],
          [
            107.886495,
            13.069247
          ],
          [
            107.886494,
            13.069252
          ],
          [
            107.886493,
            13.069256
          ],
          [
            107.886492,
            13.069261
          ],
          [
            107.886491,
            13.069266
          ],
          [
            107.886489,
            13.069271
          ],
          [
            107.886488,
            13.069276
          ],
          [
            107.886486,
            13.06928
          ],
          [
            107.886484,
            13.069284
          ],
          [
            107.886482,
            13.069288
          ],
          [
            107.886479,
            13.069292
          ],
          [
            107.886477,
            13.069295
          ],
          [
            107.886474,
            13.069298
          ],
          [
            107.88647,
            13.0693
          ],
          [
            107.886467,
            13.069302
          ],
          [
            107.886463,
            13.069303
          ],
          [
            107.88646,
            13.069304
          ],
          [
            107.886456,
            13.069304
          ],
          [
            107.886451,
            13.069304
          ],
          [
            107.886447,
            13.069303
          ],
          [
            107.886443,
            13.069302
          ],
          [
            107.88644,
            13.0693
          ],
          [
            107.886437,
            13.069298
          ],
          [
            107.886434,
            13.069295
          ],
          [
            107.886431,
            13.069292
          ],
          [
            107.886429,
            13.069288
          ]
        ]
      }
    },
    {
      "type": "Feature",
      "properties": {
        "name": "Ranh giới địa phận Ea Súp (Vùng 4)",
        "description": "Đường ranh giới hành chính thôn buôn xã Ea Súp",
        "color": "#a50000",
        "weight": 3,
        "opacity": 0.85
      },
      "geometry": {
        "type": "LineString",
        "coordinates": [
          [
            107.891243,
            13.060841
          ],
          [
            107.891378,
            13.060484
          ],
          [
            107.89684,
            13.050739
          ],
          [
            107.898521,
            13.046709
          ]
        ]
      }
    },
    {
      "type": "Feature",
      "properties": {
        "name": "Ranh giới địa phận Ea Súp (Vùng 5)",
        "description": "Đường ranh giới hành chính thôn buôn xã Ea Súp",
        "color": "#ff00ff",
        "weight": 3,
        "opacity": 0.85
      },
      "geometry": {
        "type": "LineString",
        "coordinates": [
          [
            107.885235,
            13.0753
          ],
          [
            107.885528,
            13.075019
          ]
        ]
      }
    },
    {
      "type": "Feature",
      "properties": {
        "name": "Ranh giới địa phận Ea Súp (Vùng 6)",
        "description": "Đường ranh giới hành chính thôn buôn xã Ea Súp",
        "color": "#00ff00",
        "weight": 3,
        "opacity": 0.85
      },
      "geometry": {
        "type": "LineString",
        "coordinates": [
          [
            107.889907,
            13.080147
          ],
          [
            107.890353,
            13.080273
          ],
          [
            107.890558,
            13.080294
          ],
          [
            107.89115,
            13.080331
          ],
          [
            107.89131,
            13.080373
          ]
        ]
      }
    },
    {
      "type": "Feature",
      "properties": {
        "name": "Ranh giới địa phận Ea Súp (Vùng 7)",
        "description": "Đường ranh giới hành chính thôn buôn xã Ea Súp",
        "color": "#0000ff",
        "weight": 3,
        "opacity": 0.85
      },
      "geometry": {
        "type": "LineString",
        "coordinates": [
          [
            107.862154,
            13.06164
          ],
          [
            107.862317,
            13.060534
          ],
          [
            107.862591,
            13.058808
          ],
          [
            107.862993,
            13.05717
          ],
          [
            107.863061,
            13.057186
          ],
          [
            107.863145,
            13.056746
          ],
          [
            107.863209,
            13.056426
          ],
          [
            107.863267,
            13.056438
          ],
          [
            107.863324,
            13.056202
          ],
          [
            107.863312,
            13.056152
          ],
          [
            107.863261,
            13.056139
          ],
          [
            107.863336,
            13.055839
          ],
          [
            107.8634,
            13.055582
          ],
          [
            107.8631,
            13.055485
          ],
          [
            107.862577,
            13.055285
          ],
          [
            107.862215,
            13.055143
          ],
          [
            107.862302,
            13.054918
          ],
          [
            107.862221,
            13.054888
          ],
          [
            107.862392,
            13.05445
          ],
          [
            107.862636,
            13.054256
          ],
          [
            107.862849,
            13.054017
          ],
          [
            107.862958,
            13.053764
          ],
          [
            107.863018,
            13.053429
          ],
          [
            107.863176,
            13.052722
          ],
          [
            107.863061,
            13.052446
          ],
          [
            107.862659,
            13.052218
          ],
          [
            107.862256,
            13.052085
          ],
          [
            107.862001,
            13.051887
          ],
          [
            107.861959,
            13.051468
          ],
          [
            107.862259,
            13.049898
          ],
          [
            107.862278,
            13.049799
          ],
          [
            107.862954,
            13.050068
          ],
          [
            107.863399,
            13.050081
          ],
          [
            107.863954,
            13.050097
          ],
          [
            107.864206,
            13.050053
          ],
          [
            107.864285,
            13.049652
          ],
          [
            107.86412,
            13.049538
          ],
          [
            107.86362,
            13.049375
          ],
          [
            107.863247,
            13.049107
          ],
          [
            107.863311,
            13.048876
          ],
          [
            107.86335,
            13.048482
          ],
          [
            107.863492,
            13.048381
          ],
          [
            107.863764,
            13.047506
          ],
          [
            107.863809,
            13.047235
          ],
          [
            107.864479,
            13.047455
          ],
          [
            107.864652,
            13.047568
          ]
        ]
      }
    },
    {
      "type": "Feature",
      "properties": {
        "name": "Ranh giới địa phận Ea Súp (Vùng 8)",
        "description": "Đường ranh giới hành chính thôn buôn xã Ea Súp",
        "color": "#ff0000",
        "weight": 3,
        "opacity": 0.85
      },
      "geometry": {
        "type": "LineString",
        "coordinates": [
          [
            107.818658,
            13.147506
          ],
          [
            107.818761,
            13.147351
          ],
          [
            107.819153,
            13.146861
          ],
          [
            107.819408,
            13.146604
          ],
          [
            107.819787,
            13.146176
          ],
          [
            107.819969,
            13.145919
          ],
          [
            107.820031,
            13.14584
          ],
          [
            107.820056,
            13.145761
          ],
          [
            107.820073,
            13.145641
          ],
          [
            107.820078,
            13.145487
          ],
          [
            107.820091,
            13.145362
          ],
          [
            107.820108,
            13.145275
          ],
          [
            107.820158,
            13.145155
          ],
          [
            107.820277,
            13.14498
          ],
          [
            107.820483,
            13.144744
          ],
          [
            107.820589,
            13.144656
          ],
          [
            107.820754,
            13.144573
          ],
          [
            107.821038,
            13.144482
          ],
          [
            107.821246,
            13.144412
          ],
          [
            107.821368,
            13.144358
          ],
          [
            107.821453,
            13.144308
          ],
          [
            107.821576,
            13.144213
          ],
          [
            107.821782,
            13.144034
          ],
          [
            107.82196,
            13.14386
          ],
          [
            107.822066,
            13.143735
          ],
          [
            107.822121,
            13.143661
          ],
          [
            107.822146,
            13.143594
          ],
          [
            107.822163,
            13.143486
          ],
          [
            107.82217,
            13.143357
          ],
          [
            107.822157,
            13.143245
          ],
          [
            107.822127,
            13.143125
          ],
          [
            107.822089,
            13.143025
          ],
          [
            107.822013,
            13.142904
          ],
          [
            107.821941,
            13.142825
          ],
          [
            107.821823,
            13.142746
          ],
          [
            107.821643,
            13.142659
          ],
          [
            107.821499,
            13.142605
          ],
          [
            107.821368,
            13.14258
          ],
          [
            107.821257,
            13.14258
          ],
          [
            107.821156,
            13.142571
          ],
          [
            107.82108,
            13.142546
          ],
          [
            107.821004,
            13.142499
          ],
          [
            107.821461,
            13.141522
          ],
          [
            107.822008,
            13.141583
          ],
          [
            107.822352,
            13.141448
          ],
          [
            107.823297,
            13.141317
          ],
          [
            107.823289,
            13.141411
          ],
          [
            107.823451,
            13.141384
          ],
          [
            107.82382,
            13.141304
          ],
          [
            107.824166,
            13.141194
          ],
          [
            107.824424,
            13.141125
          ],
          [
            107.825063,
            13.140955
          ],
          [
            107.825302,
            13.140885
          ],
          [
            107.825473,
            13.140843
          ],
          [
            107.825631,
            13.14116
          ],
          [
            107.825501,
            13.1415
          ],
          [
            107.825722,
            13.141709
          ],
          [
            107.82575,
            13.14191
          ],
          [
            107.825837,
            13.142018
          ],
          [
            107.826245,
            13.142249
          ],
          [
            107.826791,
            13.142794
          ],
          [
            107.828289,
            13.144289
          ],
          [
            107.828641,
            13.144404
          ],
          [
            107.828723,
            13.144704
          ],
          [
            107.828867,
            13.144737
          ],
          [
            107.828996,
            13.144666
          ],
          [
            107.829483,
            13.144402
          ],
          [
            107.829804,
            13.144993
          ],
          [
            107.830098,
            13.145307
          ],
          [
            107.831308,
            13.144788
          ],
          [
            107.831789,
            13.145027
          ],
          [
            107.832515,
            13.144016
          ],
          [
            107.83268,
            13.144114
          ],
          [
            107.833701,
            13.144836
          ],
          [
            107.832522,
            13.146161
          ],
          [
            107.832962,
            13.146573
          ],
          [
            107.833506,
            13.147129
          ],
          [
            107.834122,
            13.147758
          ],
          [
            107.834608,
            13.148268
          ],
          [
            107.835036,
            13.148576
          ],
          [
            107.836574,
            13.149821
          ],
          [
            107.837584,
            13.150615
          ],
          [
            107.837739,
            13.150578
          ],
          [
            107.838422,
            13.149555
          ],
          [
            107.839631,
            13.15057
          ],
          [
            107.840589,
            13.150799
          ],
          [
            107.840775,
            13.150618
          ],
          [
            107.841907,
            13.150648
          ],
          [
            107.84259,
            13.150978
          ],
          [
            107.842593,
            13.150975
          ]
        ]
      }
    },
    {
      "type": "Feature",
      "properties": {
        "name": "Ranh giới địa phận Ea Súp (Vùng 9)",
        "description": "Đường ranh giới hành chính thôn buôn xã Ea Súp",
        "color": "#ffff00",
        "weight": 3,
        "opacity": 0.85
      },
      "geometry": {
        "type": "LineString",
        "coordinates": [
          [
            107.821763,
            13.141001
          ],
          [
            107.821898,
            13.140873
          ],
          [
            107.822008,
            13.140745
          ],
          [
            107.822072,
            13.140657
          ],
          [
            107.822112,
            13.140574
          ],
          [
            107.822146,
            13.140458
          ],
          [
            107.822168,
            13.140299
          ],
          [
            107.822172,
            13.140187
          ],
          [
            107.822151,
            13.140042
          ],
          [
            107.822113,
            13.139852
          ],
          [
            107.822111,
            13.139719
          ],
          [
            107.822124,
            13.139439
          ],
          [
            107.822183,
            13.139017
          ],
          [
            107.822249,
            13.138592
          ],
          [
            107.822296,
            13.138393
          ],
          [
            107.822347,
            13.138239
          ],
          [
            107.822438,
            13.138091
          ],
          [
            107.82254,
            13.137894
          ],
          [
            107.822625,
            13.137738
          ],
          [
            107.822714,
            13.137583
          ],
          [
            107.822773,
            13.137476
          ],
          [
            107.822894,
            13.137289
          ],
          [
            107.823008,
            13.137173
          ],
          [
            107.823072,
            13.137094
          ],
          [
            107.823106,
            13.137028
          ],
          [
            107.823123,
            13.136978
          ],
          [
            107.823127,
            13.136911
          ],
          [
            107.82311,
            13.136866
          ],
          [
            107.823055,
            13.136762
          ],
          [
            107.823019,
            13.136682
          ],
          [
            107.822998,
            13.136615
          ],
          [
            107.823003,
            13.136561
          ],
          [
            107.823028,
            13.136508
          ],
          [
            107.823083,
            13.136449
          ],
          [
            107.823151,
            13.136396
          ],
          [
            107.823282,
            13.136337
          ],
          [
            107.823388,
            13.136301
          ],
          [
            107.823447,
            13.136271
          ],
          [
            107.8236,
            13.13618
          ],
          [
            107.823884,
            13.136022
          ],
          [
            107.824195,
            13.135903
          ],
          [
            107.824441,
            13.135824
          ],
          [
            107.824606,
            13.135756
          ],
          [
            107.824844,
            13.13564
          ],
          [
            107.825068,
            13.135542
          ],
          [
            107.825216,
            13.13545
          ],
          [
            107.825282,
            13.135395
          ],
          [
            107.825316,
            13.135341
          ],
          [
            107.825329,
            13.135276
          ],
          [
            107.825333,
            13.135205
          ],
          [
            107.825333,
            13.135131
          ],
          [
            107.825299,
            13.135043
          ],
          [
            107.825261,
            13.134984
          ],
          [
            107.825185,
            13.134923
          ],
          [
            107.825109,
            13.134859
          ],
          [
            107.825003,
            13.134814
          ],
          [
            107.824914,
            13.13478
          ],
          [
            107.824872,
            13.134744
          ],
          [
            107.824848,
            13.134685
          ],
          [
            107.824836,
            13.134578
          ],
          [
            107.824836,
            13.134453
          ],
          [
            107.824849,
            13.134344
          ],
          [
            107.824874,
            13.134279
          ],
          [
            107.824938,
            13.134225
          ],
          [
            107.825005,
            13.134192
          ],
          [
            107.8252,
            13.134134
          ],
          [
            107.825353,
            13.13408
          ],
          [
            107.825463,
            13.134021
          ],
          [
            107.825554,
            13.133942
          ],
          [
            107.825609,
            13.133867
          ],
          [
            107.825635,
            13.133793
          ],
          [
            107.825652,
            13.133702
          ],
          [
            107.825652,
            13.133586
          ],
          [
            107.82561,
            13.133415
          ],
          [
            107.825546,
            13.133207
          ],
          [
            107.825493,
            13.133062
          ],
          [
            107.825443,
            13.132971
          ],
          [
            107.825375,
            13.1329
          ],
          [
            107.825282,
            13.132853
          ],
          [
            107.825176,
            13.13285
          ],
          [
            107.825002,
            13.132865
          ],
          [
            107.824854,
            13.132915
          ],
          [
            107.82479,
            13.132936
          ],
          [
            107.824731,
            13.132941
          ],
          [
            107.824566,
            13.132907
          ],
          [
            107.82432,
            13.132869
          ],
          [
            107.824208,
            13.132844
          ],
          [
            107.824123,
            13.132808
          ],
          [
            107.824039,
            13.132737
          ],
          [
            107.823941,
            13.132658
          ],
          [
            107.823865,
            13.132608
          ],
          [
            107.823772,
            13.132561
          ],
          [
            107.823628,
            13.132516
          ],
          [
            107.823526,
            13.132495
          ],
          [
            107.823442,
            13.132445
          ],
          [
            107.823315,
            13.132309
          ],
          [
            107.823188,
            13.132162
          ],
          [
            107.823118,
            13.132105
          ],
          [
            107.822987,
            13.132025
          ],
          [
            107.822741,
            13.131859
          ],
          [
            107.822517,
            13.131685
          ],
          [
            107.822314,
            13.131538
          ],
          [
            107.821971,
            13.131293
          ],
          [
            107.821668,
            13.13107
          ],
          [
            107.821486,
            13.130949
          ],
          [
            107.821365,
            13.130874
          ],
          [
            107.82129,
            13.130774
          ],
          [
            107.821167,
            13.13065
          ],
          [
            107.821067,
            13.130577
          ],
          [
            107.821057,
            13.130456
          ],
          [
            107.821092,
            13.130254
          ],
          [
            107.821165,
            13.130064
          ],
          [
            107.821237,
            13.129936
          ],
          [
            107.821331,
            13.129848
          ],
          [
            107.821494,
            13.129758
          ],
          [
            107.821663,
            13.129703
          ],
          [
            107.821837,
            13.129653
          ],
          [
            107.821951,
            13.129641
          ],
          [
            107.822121,
            13.129634
          ],
          [
            107.822311,
            13.129641
          ],
          [
            107.82243,
            13.129634
          ],
          [
            107.822587,
            13.12963
          ],
          [
            107.822771,
            13.129613
          ],
          [
            107.822889,
            13.129608
          ],
          [
            107.823059,
            13.129625
          ],
          [
            107.823156,
            13.129637
          ],
          [
            107.823292,
            13.129639
          ],
          [
            107.823431,
            13.129658
          ],
          [
            107.823529,
            13.129684
          ],
          [
            107.823618,
            13.129717
          ],
          [
            107.82369,
            13.129743
          ],
          [
            107.823774,
            13.129775
          ],
          [
            107.82391,
            13.129808
          ],
          [
            107.824069,
            13.129872
          ],
          [
            107.824323,
            13.130016
          ],
          [
            107.824551,
            13.130109
          ],
          [
            107.824725,
            13.130192
          ],
          [
            107.825015,
            13.13032
          ],
          [
            107.825175,
            13.130403
          ],
          [
            107.825353,
            13.130487
          ],
          [
            107.825439,
            13.1305
          ],
          [
            107.825542,
            13.130565
          ],
          [
            107.825612,
            13.130607
          ],
          [
            107.825684,
            13.130672
          ],
          [
            107.825771,
            13.130771
          ],
          [
            107.825824,
            13.130866
          ],
          [
            107.82587,
            13.131023
          ],
          [
            107.825887,
            13.131206
          ],
          [
            107.825918,
            13.131315
          ],
          [
            107.825935,
            13.131481
          ],
          [
            107.825995,
            13.13163
          ],
          [
            107.826078,
            13.131816
          ],
          [
            107.826189,
            13.131939
          ],
          [
            107.826357,
            13.131994
          ],
          [
            107.826462,
            13.132008
          ],
          [
            107.826585,
            13.132013
          ],
          [
            107.826695,
            13.132005
          ],
          [
            107.826814,
            13.131975
          ],
          [
            107.826967,
            13.131908
          ],
          [
            107.827136,
            13.131792
          ],
          [
            107.827272,
            13.131688
          ],
          [
            107.827383,
            13.131564
          ],
          [
            107.827556,
            13.131357
          ],
          [
            107.827706,
            13.131125
          ],
          [
            107.827842,
            13.130937
          ],
          [
            107.827922,
            13.130862
          ],
          [
            107.828024,
            13.130792
          ],
          [
            107.828155,
            13.130717
          ],
          [
            107.82838,
            13.130622
          ],
          [
            107.828569,
            13.130527
          ],
          [
            107.828657,
            13.130468
          ],
          [
            107.828725,
            13.130382
          ],
          [
            107.828772,
            13.130278
          ],
          [
            107.828836,
            13.130107
          ],
          [
            107.828878,
            13.129917
          ],
          [
            107.828923,
            13.129521
          ],
          [
            107.828943,
            13.129321
          ],
          [
            107.828977,
            13.12911
          ],
          [
            107.828992,
            13.12902
          ],
          [
            107.829001,
            13.128908
          ],
          [
            107.829019,
            13.128766
          ],
          [
            107.829044,
            13.128637
          ],
          [
            107.829068,
            13.128531
          ],
          [
            107.829078,
            13.128367
          ],
          [
            107.829083,
            13.128137
          ],
          [
            107.829949,
            13.128531
          ],
          [
            107.830678,
            13.128865
          ],
          [
            107.830868,
            13.129169
          ],
          [
            107.830881,
            13.12919
          ],
          [
            107.831115,
            13.129335
          ],
          [
            107.831209,
            13.129435
          ],
          [
            107.831253,
            13.129468
          ],
          [
            107.831501,
            13.129558
          ],
          [
            107.831631,
            13.129613
          ],
          [
            107.831737,
            13.12966
          ],
          [
            107.831861,
            13.129713
          ],
          [
            107.832075,
            13.129781
          ],
          [
            107.832263,
            13.129827
          ],
          [
            107.832336,
            13.129862
          ],
          [
            107.832323,
            13.130023
          ],
          [
            107.831976,
            13.130669
          ],
          [
            107.831883,
            13.131016
          ],
          [
            107.83185,
            13.131267
          ],
          [
            107.831852,
            13.131991
          ],
          [
            107.831681,
            13.132138
          ],
          [
            107.831316,
            13.132165
          ],
          [
            107.831268,
            13.132637
          ],
          [
            107.831358,
            13.132921
          ],
          [
            107.833994,
            13.137128
          ],
          [
            107.833647,
            13.138317
          ],
          [
            107.836311,
            13.139147
          ],
          [
            107.837581,
            13.140538
          ],
          [
            107.837645,
            13.140565
          ],
          [
            107.838318,
            13.141239
          ],
          [
            107.840915,
            13.141689
          ],
          [
            107.841902,
            13.140298
          ],
          [
            107.841994,
            13.140386
          ],
          [
            107.845055,
            13.142674
          ],
          [
            107.845314,
            13.141789
          ],
          [
            107.84513,
            13.141701
          ],
          [
            107.845377,
            13.141179
          ],
          [
            107.845536,
            13.140864
          ],
          [
            107.845683,
            13.140482
          ],
          [
            107.845764,
            13.140049
          ],
          [
            107.845776,
            13.139764
          ],
          [
            107.8458,
            13.139712
          ],
          [
            107.84607,
            13.139662
          ],
          [
            107.846371,
            13.139625
          ],
          [
            107.846618,
            13.139634
          ],
          [
            107.846907,
            13.13967
          ],
          [
            107.846984,
            13.139705
          ],
          [
            107.847128,
            13.139855
          ],
          [
            107.847161,
            13.140004
          ],
          [
            107.847135,
            13.14013
          ],
          [
            107.847111,
            13.140163
          ],
          [
            107.84708,
            13.140489
          ],
          [
            107.847099,
            13.140612
          ],
          [
            107.847218,
            13.141003
          ],
          [
            107.847005,
            13.14111
          ],
          [
            107.847063,
            13.141391
          ],
          [
            107.847023,
            13.14144
          ],
          [
            107.847024,
            13.141504
          ],
          [
            107.847124,
            13.141775
          ],
          [
            107.846862,
            13.142311
          ],
          [
            107.846745,
            13.142425
          ],
          [
            107.846802,
            13.142696
          ],
          [
            107.846932,
            13.1427
          ],
          [
            107.847161,
            13.142928
          ],
          [
            107.847461,
            13.143109
          ],
          [
            107.847513,
            13.14323
          ],
          [
            107.847399,
            13.143548
          ],
          [
            107.847615,
            13.143795
          ],
          [
            107.847651,
            13.143921
          ],
          [
            107.847458,
            13.144426
          ],
          [
            107.847328,
            13.14445
          ],
          [
            107.847251,
            13.144581
          ],
          [
            107.847306,
            13.144853
          ],
          [
            107.847292,
            13.144932
          ],
          [
            107.847429,
            13.145067
          ],
          [
            107.847436,
            13.145323
          ],
          [
            107.847686,
            13.145421
          ],
          [
            107.847655,
            13.145703
          ],
          [
            107.847453,
            13.145898
          ],
          [
            107.847225,
            13.14624
          ],
          [
            107.846932,
            13.146584
          ],
          [
            107.846951,
            13.14698
          ],
          [
            107.846855,
            13.147201
          ],
          [
            107.847064,
            13.147467
          ],
          [
            107.846793,
            13.147671
          ],
          [
            107.846014,
            13.148257
          ],
          [
            107.845589,
            13.148613
          ],
          [
            107.845951,
            13.149031
          ],
          [
            107.845505,
            13.149354
          ],
          [
            107.845315,
            13.149586
          ],
          [
            107.845087,
            13.149577
          ],
          [
            107.844723,
            13.149294
          ],
          [
            107.844073,
            13.149463
          ],
          [
            107.84393,
            13.149619
          ],
          [
            107.843498,
            13.149892
          ],
          [
            107.843232,
            13.150313
          ],
          [
            107.84307,
            13.150571
          ],
          [
            107.84278,
            13.150865
          ],
          [
            107.842631,
            13.151017
          ],
          [
            107.842628,
            13.15102
          ],
          [
            107.841945,
            13.15069
          ],
          [
            107.840813,
            13.150659
          ],
          [
            107.840627,
            13.15084
          ],
          [
            107.839669,
            13.150612
          ],
          [
            107.83846,
            13.149596
          ],
          [
            107.837777,
            13.150619
          ],
          [
            107.837622,
            13.150657
          ],
          [
            107.836612,
            13.149862
          ],
          [
            107.835074,
            13.148618
          ],
          [
            107.834646,
            13.148309
          ],
          [
            107.83416,
            13.147799
          ],
          [
            107.833544,
            13.14717
          ],
          [
            107.833,
            13.146615
          ],
          [
            107.83256,
            13.146202
          ],
          [
            107.833739,
            13.144877
          ],
          [
            107.832718,
            13.144156
          ],
          [
            107.832553,
            13.144058
          ],
          [
            107.831827,
            13.145069
          ],
          [
            107.831346,
            13.14483
          ],
          [
            107.830136,
            13.145349
          ],
          [
            107.829842,
            13.145034
          ],
          [
            107.829521,
            13.144443
          ],
          [
            107.829034,
            13.144708
          ],
          [
            107.828905,
            13.144778
          ],
          [
            107.828761,
            13.144746
          ],
          [
            107.828679,
            13.144445
          ],
          [
            107.828327,
            13.144331
          ],
          [
            107.826829,
            13.142836
          ],
          [
            107.826283,
            13.14229
          ],
          [
            107.825875,
            13.14206
          ],
          [
            107.825788,
            13.141951
          ],
          [
            107.82576,
            13.141751
          ],
          [
            107.825539,
            13.141542
          ],
          [
            107.825669,
            13.141201
          ],
          [
            107.825511,
            13.140885
          ],
          [
            107.82534,
            13.140927
          ],
          [
            107.825101,
            13.140996
          ],
          [
            107.824462,
            13.141167
          ],
          [
            107.824204,
            13.141236
          ],
          [
            107.823858,
            13.141345
          ],
          [
            107.823489,
            13.141426
          ],
          [
            107.823327,
            13.141452
          ],
          [
            107.823335,
            13.141359
          ],
          [
            107.82239,
            13.14149
          ],
          [
            107.822046,
            13.141625
          ],
          [
            107.821499,
            13.141564
          ],
          [
            107.821763,
            13.141001
          ]
        ]
      }
    },
    {
      "type": "Feature",
      "properties": {
        "name": "Ranh giới địa phận Ea Súp (Vùng 10)",
        "description": "Đường ranh giới hành chính thôn buôn xã Ea Súp",
        "color": "#fe0060",
        "weight": 3,
        "opacity": 0.85
      },
      "geometry": {
        "type": "LineString",
        "coordinates": [
          [
            107.867308,
            13.126775
          ],
          [
            107.867454,
            13.127791
          ],
          [
            107.86801,
            13.1312
          ],
          [
            107.868627,
            13.133239
          ],
          [
            107.869013,
            13.134523
          ],
          [
            107.869035,
            13.135645
          ],
          [
            107.868986,
            13.137193
          ],
          [
            107.869491,
            13.138728
          ],
          [
            107.870547,
            13.141784
          ],
          [
            107.871048,
            13.143234
          ],
          [
            107.871311,
            13.143718
          ],
          [
            107.871565,
            13.143907
          ],
          [
            107.872892,
            13.144509
          ],
          [
            107.873768,
            13.144907
          ],
          [
            107.874624,
            13.145296
          ],
          [
            107.875062,
            13.145638
          ],
          [
            107.87641,
            13.147368
          ],
          [
            107.877239,
            13.148375
          ],
          [
            107.879967,
            13.149874
          ],
          [
            107.880204,
            13.150004
          ],
          [
            107.880372,
            13.150213
          ],
          [
            107.880595,
            13.15067
          ],
          [
            107.880451,
            13.150692
          ],
          [
            107.88022,
            13.150774
          ],
          [
            107.880133,
            13.150808
          ],
          [
            107.880083,
            13.150846
          ],
          [
            107.880002,
            13.150917
          ],
          [
            107.879965,
            13.150985
          ],
          [
            107.879993,
            13.151159
          ],
          [
            107.880003,
            13.151328
          ],
          [
            107.880006,
            13.15146
          ],
          [
            107.879985,
            13.151616
          ],
          [
            107.87994,
            13.151715
          ],
          [
            107.879819,
            13.15183
          ],
          [
            107.879712,
            13.151878
          ],
          [
            107.879553,
            13.151912
          ],
          [
            107.879352,
            13.151918
          ],
          [
            107.879248,
            13.151942
          ],
          [
            107.879183,
            13.151993
          ],
          [
            107.879145,
            13.152068
          ],
          [
            107.879138,
            13.152163
          ],
          [
            107.879193,
            13.152251
          ],
          [
            107.879279,
            13.152326
          ],
          [
            107.879404,
            13.152414
          ],
          [
            107.879466,
            13.152502
          ],
          [
            107.879504,
            13.152611
          ],
          [
            107.879528,
            13.152781
          ],
          [
            107.879542,
            13.152937
          ],
          [
            107.879576,
            13.153083
          ],
          [
            107.87958,
            13.153189
          ],
          [
            107.879542,
            13.153311
          ],
          [
            107.879448,
            13.153454
          ],
          [
            107.879317,
            13.153583
          ],
          [
            107.879106,
            13.153722
          ],
          [
            107.878978,
            13.153779
          ],
          [
            107.878888,
            13.153796
          ],
          [
            107.878815,
            13.153779
          ],
          [
            107.878739,
            13.153735
          ],
          [
            107.87867,
            13.153671
          ],
          [
            107.878615,
            13.153552
          ],
          [
            107.878573,
            13.153518
          ],
          [
            107.878507,
            13.153504
          ],
          [
            107.87822,
            13.153521
          ],
          [
            107.878096,
            13.153521
          ],
          [
            107.877902,
            13.153494
          ],
          [
            107.877729,
            13.153473
          ],
          [
            107.877615,
            13.153473
          ],
          [
            107.877522,
            13.153493
          ],
          [
            107.877435,
            13.153575
          ],
          [
            107.87739,
            13.15365
          ],
          [
            107.877363,
            13.153741
          ],
          [
            107.877359,
            13.153877
          ],
          [
            107.877362,
            13.154071
          ],
          [
            107.877345,
            13.154203
          ],
          [
            107.8773,
            13.154308
          ],
          [
            107.87721,
            13.154414
          ],
          [
            107.877106,
            13.154488
          ],
          [
            107.876971,
            13.154553
          ],
          [
            107.876798,
            13.154589
          ],
          [
            107.876756,
            13.154593
          ],
          [
            107.876646,
            13.154602
          ],
          [
            107.876526,
            13.154604
          ],
          [
            107.876455,
            13.154589
          ],
          [
            107.876411,
            13.154554
          ],
          [
            107.876374,
            13.154506
          ],
          [
            107.87635,
            13.154447
          ],
          [
            107.876337,
            13.154387
          ],
          [
            107.876324,
            13.154339
          ],
          [
            107.876277,
            13.154271
          ],
          [
            107.876206,
            13.154193
          ],
          [
            107.876133,
            13.154106
          ],
          [
            107.876085,
            13.154072
          ],
          [
            107.875967,
            13.154035
          ],
          [
            107.875868,
            13.154026
          ],
          [
            107.875735,
            13.154043
          ],
          [
            107.87562,
            13.154065
          ],
          [
            107.875536,
            13.154076
          ],
          [
            107.875492,
            13.154076
          ],
          [
            107.875386,
            13.154056
          ],
          [
            107.875216,
            13.154028
          ],
          [
            107.875094,
            13.154028
          ],
          [
            107.87497,
            13.154054
          ],
          [
            107.874892,
            13.15408
          ],
          [
            107.874866,
            13.154104
          ],
          [
            107.874832,
            13.154151
          ],
          [
            107.874809,
            13.154219
          ],
          [
            107.874805,
            13.154273
          ],
          [
            107.874809,
            13.154327
          ],
          [
            107.874827,
            13.154386
          ],
          [
            107.874862,
            13.15444
          ],
          [
            107.874937,
            13.154521
          ],
          [
            107.875054,
            13.15462
          ],
          [
            107.87512,
            13.154683
          ],
          [
            107.875191,
            13.154779
          ],
          [
            107.875288,
            13.154927
          ],
          [
            107.875336,
            13.155007
          ],
          [
            107.875362,
            13.155092
          ],
          [
            107.875371,
            13.15514
          ],
          [
            107.875369,
            13.155194
          ],
          [
            107.87536,
            13.155233
          ],
          [
            107.875336,
            13.155283
          ],
          [
            107.875296,
            13.155318
          ],
          [
            107.875249,
            13.155346
          ],
          [
            107.875196,
            13.155361
          ],
          [
            107.875122,
            13.155374
          ],
          [
            107.875002,
            13.155417
          ],
          [
            107.874898,
            13.155439
          ],
          [
            107.87481,
            13.155446
          ],
          [
            107.874752,
            13.155443
          ],
          [
            107.874692,
            13.155424
          ],
          [
            107.874637,
            13.155389
          ],
          [
            107.874564,
            13.155324
          ],
          [
            107.874492,
            13.155252
          ],
          [
            107.874426,
            13.155196
          ],
          [
            107.874344,
            13.15515
          ],
          [
            107.874286,
            13.155126
          ],
          [
            107.874211,
            13.155113
          ],
          [
            107.874145,
            13.155113
          ],
          [
            107.874089,
            13.155111
          ],
          [
            107.874045,
            13.155104
          ],
          [
            107.87399,
            13.155082
          ],
          [
            107.873943,
            13.155067
          ],
          [
            107.873892,
            13.155067
          ],
          [
            107.873827,
            13.155069
          ],
          [
            107.87376,
            13.155067
          ],
          [
            107.873709,
            13.155052
          ],
          [
            107.873676,
            13.155022
          ],
          [
            107.873641,
            13.154959
          ],
          [
            107.873605,
            13.154913
          ],
          [
            107.873541,
            13.154867
          ],
          [
            107.873462,
            13.15483
          ],
          [
            107.873355,
            13.154817
          ],
          [
            107.873291,
            13.154824
          ],
          [
            107.873249,
            13.154837
          ],
          [
            107.873202,
            13.154863
          ],
          [
            107.873171,
            13.154891
          ],
          [
            107.87315,
            13.154926
          ],
          [
            107.87313,
            13.155
          ],
          [
            107.873111,
            13.155056
          ],
          [
            107.873079,
            13.15513
          ],
          [
            107.87304,
            13.155188
          ],
          [
            107.872991,
            13.155243
          ],
          [
            107.872942,
            13.155286
          ],
          [
            107.872889,
            13.155312
          ],
          [
            107.872793,
            13.155345
          ],
          [
            107.872613,
            13.155384
          ],
          [
            107.872494,
            13.155405
          ],
          [
            107.872434,
            13.155407
          ],
          [
            107.872381,
            13.155399
          ],
          [
            107.872328,
            13.155383
          ],
          [
            107.872288,
            13.155357
          ],
          [
            107.872237,
            13.155316
          ],
          [
            107.87219,
            13.155268
          ],
          [
            107.872146,
            13.155231
          ],
          [
            107.872111,
            13.155214
          ],
          [
            107.872048,
            13.155207
          ],
          [
            107.871963,
            13.155214
          ],
          [
            107.871882,
            13.15524
          ],
          [
            107.871791,
            13.155279
          ],
          [
            107.871713,
            13.155316
          ],
          [
            107.871673,
            13.155331
          ],
          [
            107.871631,
            13.15534
          ],
          [
            107.871574,
            13.155344
          ],
          [
            107.871504,
            13.15535
          ],
          [
            107.8714,
            13.155376
          ],
          [
            107.871302,
            13.155418
          ],
          [
            107.871119,
            13.15547
          ],
          [
            107.87101,
            13.155498
          ],
          [
            107.87095,
            13.1555
          ],
          [
            107.870884,
            13.155489
          ],
          [
            107.870821,
            13.155465
          ],
          [
            107.870768,
            13.155415
          ],
          [
            107.870719,
            13.155341
          ],
          [
            107.870664,
            13.155198
          ],
          [
            107.870633,
            13.155092
          ],
          [
            107.870595,
            13.155022
          ],
          [
            107.870553,
            13.154976
          ],
          [
            107.8705,
            13.154953
          ],
          [
            107.870431,
            13.154946
          ],
          [
            107.870367,
            13.154957
          ],
          [
            107.870292,
            13.154996
          ],
          [
            107.870245,
            13.155044
          ],
          [
            107.870215,
            13.155094
          ],
          [
            107.8702,
            13.155189
          ],
          [
            107.870202,
            13.155302
          ],
          [
            107.870215,
            13.155458
          ],
          [
            107.870232,
            13.155636
          ],
          [
            107.870216,
            13.155767
          ],
          [
            107.870198,
            13.155843
          ],
          [
            107.87018,
            13.155897
          ],
          [
            107.870133,
            13.155956
          ],
          [
            107.870082,
            13.155999
          ],
          [
            107.870031,
            13.156019
          ],
          [
            107.869982,
            13.156018
          ],
          [
            107.869938,
            13.156012
          ],
          [
            107.869876,
            13.155964
          ],
          [
            107.869821,
            13.155895
          ],
          [
            107.869768,
            13.155814
          ],
          [
            107.869719,
            13.155762
          ],
          [
            107.869675,
            13.155732
          ],
          [
            107.869615,
            13.155714
          ],
          [
            107.869545,
            13.155697
          ],
          [
            107.86949,
            13.155671
          ],
          [
            107.869446,
            13.155632
          ],
          [
            107.869417,
            13.15559
          ],
          [
            107.869399,
            13.15554
          ],
          [
            107.869384,
            13.155493
          ],
          [
            107.869357,
            13.155451
          ],
          [
            107.869331,
            13.155421
          ],
          [
            107.869297,
            13.155408
          ],
          [
            107.869244,
            13.155404
          ],
          [
            107.869154,
            13.155414
          ],
          [
            107.869047,
            13.155451
          ],
          [
            107.86897,
            13.155486
          ],
          [
            107.868913,
            13.155527
          ],
          [
            107.86888,
            13.155581
          ],
          [
            107.868864,
            13.155623
          ],
          [
            107.868864,
            13.155679
          ],
          [
            107.868873,
            13.155762
          ],
          [
            107.868882,
            13.155803
          ],
          [
            107.86888,
            13.15584
          ],
          [
            107.868871,
            13.155877
          ],
          [
            107.868853,
            13.155903
          ],
          [
            107.868837,
            13.155918
          ],
          [
            107.868799,
            13.155942
          ],
          [
            107.868764,
            13.155953
          ],
          [
            107.868728,
            13.155953
          ],
          [
            107.868688,
            13.155935
          ],
          [
            107.868644,
            13.155892
          ],
          [
            107.868567,
            13.15579
          ],
          [
            107.868507,
            13.155735
          ],
          [
            107.868449,
            13.155698
          ],
          [
            107.868394,
            13.155681
          ],
          [
            107.868334,
            13.155679
          ],
          [
            107.868274,
            13.155688
          ],
          [
            107.868239,
            13.155711
          ],
          [
            107.868191,
            13.15577
          ],
          [
            107.86816,
            13.155853
          ],
          [
            107.868136,
            13.156004
          ],
          [
            107.868134,
            13.156163
          ],
          [
            107.868147,
            13.156369
          ],
          [
            107.868147,
            13.156528
          ],
          [
            107.86814,
            13.156597
          ],
          [
            107.86812,
            13.156656
          ],
          [
            107.868098,
            13.156704
          ],
          [
            107.868065,
            13.156745
          ],
          [
            107.86802,
            13.156784
          ],
          [
            107.867967,
            13.156821
          ],
          [
            107.867787,
            13.156921
          ],
          [
            107.867682,
            13.157005
          ],
          [
            107.867609,
            13.157105
          ],
          [
            107.867563,
            13.157188
          ],
          [
            107.86755,
            13.157264
          ],
          [
            107.867558,
            13.157331
          ],
          [
            107.867575,
            13.157411
          ],
          [
            107.867581,
            13.157507
          ],
          [
            107.867575,
            13.157552
          ],
          [
            107.867559,
            13.157594
          ],
          [
            107.867515,
            13.157648
          ],
          [
            107.867473,
            13.157676
          ],
          [
            107.867422,
            13.157691
          ],
          [
            107.867382,
            13.157696
          ],
          [
            107.867326,
            13.157687
          ],
          [
            107.867257,
            13.157663
          ],
          [
            107.867155,
            13.157589
          ],
          [
            107.867062,
            13.157502
          ],
          [
            107.866978,
            13.157433
          ],
          [
            107.86681,
            13.157363
          ],
          [
            107.866669,
            13.15732
          ],
          [
            107.86655,
            13.157298
          ],
          [
            107.866435,
            13.157298
          ],
          [
            107.866291,
            13.157306
          ],
          [
            107.865995,
            13.157365
          ],
          [
            107.865862,
            13.157402
          ],
          [
            107.865623,
            13.157484
          ],
          [
            107.865479,
            13.157553
          ],
          [
            107.865393,
            13.157616
          ],
          [
            107.86534,
            13.157675
          ],
          [
            107.865303,
            13.15774
          ],
          [
            107.865265,
            13.157823
          ],
          [
            107.865241,
            13.157901
          ],
          [
            107.865205,
            13.157959
          ],
          [
            107.865163,
            13.158005
          ],
          [
            107.865095,
            13.158055
          ],
          [
            107.865019,
            13.158092
          ],
          [
            107.864935,
            13.158109
          ],
          [
            107.86487,
            13.158118
          ],
          [
            107.864808,
            13.158105
          ],
          [
            107.864733,
            13.158074
          ],
          [
            107.864635,
            13.158022
          ],
          [
            107.86454,
            13.157953
          ],
          [
            107.86446,
            13.157892
          ],
          [
            107.864405,
            13.157855
          ],
          [
            107.864347,
            13.157833
          ],
          [
            107.864294,
            13.157822
          ],
          [
            107.86425,
            13.15782
          ],
          [
            107.864187,
            13.157837
          ],
          [
            107.864136,
            13.157872
          ],
          [
            107.864085,
            13.157952
          ],
          [
            107.864014,
            13.158067
          ],
          [
            107.863952,
            13.158152
          ],
          [
            107.86389,
            13.158202
          ],
          [
            107.863839,
            13.158228
          ],
          [
            107.863799,
            13.158237
          ],
          [
            107.863748,
            13.158237
          ],
          [
            107.863723,
            13.158232
          ],
          [
            107.863681,
            13.158204
          ],
          [
            107.863645,
            13.158152
          ],
          [
            107.863619,
            13.158095
          ],
          [
            107.863572,
            13.158045
          ],
          [
            107.863519,
            13.158011
          ],
          [
            107.863448,
            13.157978
          ],
          [
            107.86334,
            13.157945
          ],
          [
            107.863254,
            13.157934
          ],
          [
            107.863194,
            13.157934
          ],
          [
            107.863149,
            13.157943
          ],
          [
            107.86311,
            13.157971
          ],
          [
            107.863076,
            13.158021
          ],
          [
            107.863062,
            13.158076
          ],
          [
            107.863057,
            13.15816
          ],
          [
            107.863042,
            13.158247
          ],
          [
            107.863022,
            13.158321
          ],
          [
            107.863,
            13.158395
          ],
          [
            107.862959,
            13.158492
          ],
          [
            107.862899,
            13.158623
          ],
          [
            107.862832,
            13.158755
          ],
          [
            107.862744,
            13.158866
          ],
          [
            107.862677,
            13.15892
          ],
          [
            107.862622,
            13.15895
          ],
          [
            107.862549,
            13.158976
          ],
          [
            107.862485,
            13.158987
          ],
          [
            107.862398,
            13.158991
          ],
          [
            107.862304,
            13.158985
          ],
          [
            107.862233,
            13.158972
          ],
          [
            107.862136,
            13.158935
          ],
          [
            107.862023,
            13.158887
          ],
          [
            107.861939,
            13.158854
          ],
          [
            107.861861,
            13.158844
          ],
          [
            107.861815,
            13.158848
          ],
          [
            107.861674,
            13.15888
          ],
          [
            107.861548,
            13.158915
          ],
          [
            107.861471,
            13.158928
          ],
          [
            107.861371,
            13.158928
          ],
          [
            107.861254,
            13.158919
          ],
          [
            107.861141,
            13.158897
          ],
          [
            107.861024,
            13.15888
          ],
          [
            107.860838,
            13.158858
          ],
          [
            107.860683,
            13.158854
          ],
          [
            107.860615,
            13.158862
          ],
          [
            107.860661,
            13.158596
          ],
          [
            107.861009,
            13.158185
          ],
          [
            107.861072,
            13.158122
          ],
          [
            107.86111,
            13.158075
          ],
          [
            107.861161,
            13.157955
          ],
          [
            107.861275,
            13.157609
          ],
          [
            107.861224,
            13.157545
          ],
          [
            107.861123,
            13.157419
          ],
          [
            107.861042,
            13.157261
          ],
          [
            107.861023,
            13.157149
          ],
          [
            107.86104,
            13.156782
          ],
          [
            107.86089,
            13.156627
          ],
          [
            107.860699,
            13.156658
          ],
          [
            107.860675,
            13.156676
          ],
          [
            107.860636,
            13.156778
          ],
          [
            107.860601,
            13.156766
          ],
          [
            107.860561,
            13.156642
          ],
          [
            107.860242,
            13.15564
          ],
          [
            107.859913,
            13.155637
          ],
          [
            107.859895,
            13.154033
          ],
          [
            107.859935,
            13.15303
          ],
          [
            107.859894,
            13.152567
          ],
          [
            107.859904,
            13.152249
          ],
          [
            107.859899,
            13.151938
          ],
          [
            107.859985,
            13.150905
          ],
          [
            107.859974,
            13.150778
          ],
          [
            107.859933,
            13.150712
          ],
          [
            107.85982,
            13.150659
          ],
          [
            107.859751,
            13.150566
          ],
          [
            107.859763,
            13.150454
          ],
          [
            107.859824,
            13.1504
          ],
          [
            107.859759,
            13.150368
          ],
          [
            107.859585,
            13.150282
          ],
          [
            107.859499,
            13.149932
          ],
          [
            107.859142,
            13.150181
          ],
          [
            107.85905,
            13.150188
          ],
          [
            107.858993,
            13.150077
          ],
          [
            107.858641,
            13.150134
          ],
          [
            107.858407,
            13.15057
          ],
          [
            107.857014,
            13.151352
          ],
          [
            107.857063,
            13.152021
          ],
          [
            107.856428,
            13.152162
          ],
          [
            107.856137,
            13.152336
          ],
          [
            107.855627,
            13.152325
          ],
          [
            107.855256,
            13.152347
          ],
          [
            107.854554,
            13.152025
          ],
          [
            107.854235,
            13.152295
          ],
          [
            107.853992,
            13.152213
          ],
          [
            107.853654,
            13.151862
          ],
          [
            107.853259,
            13.152203
          ],
          [
            107.853004,
            13.152688
          ],
          [
            107.852899,
            13.152563
          ],
          [
            107.85277,
            13.152659
          ],
          [
            107.852674,
            13.15272
          ],
          [
            107.852732,
            13.153087
          ],
          [
            107.852543,
            13.153388
          ],
          [
            107.852371,
            13.153561
          ],
          [
            107.852031,
            13.15358
          ],
          [
            107.85188,
            13.153811
          ],
          [
            107.851661,
            13.154037
          ],
          [
            107.8515,
            13.154269
          ],
          [
            107.851092,
            13.154109
          ],
          [
            107.850832,
            13.15388
          ],
          [
            107.850641,
            13.151741
          ],
          [
            107.85065,
            13.151508
          ],
          [
            107.850681,
            13.151323
          ],
          [
            107.851507,
            13.149136
          ],
          [
            107.851888,
            13.148177
          ],
          [
            107.851933,
            13.148019
          ],
          [
            107.851975,
            13.14794
          ],
          [
            107.85228,
            13.147652
          ],
          [
            107.853821,
            13.146195
          ],
          [
            107.854515,
            13.145601
          ],
          [
            107.855845,
            13.144399
          ],
          [
            107.856523,
            13.143746
          ],
          [
            107.856857,
            13.14323
          ],
          [
            107.857659,
            13.141285
          ],
          [
            107.857871,
            13.140743
          ],
          [
            107.857992,
            13.139677
          ],
          [
            107.858099,
            13.138791
          ],
          [
            107.858159,
            13.138373
          ],
          [
            107.858254,
            13.137984
          ],
          [
            107.85828,
            13.137463
          ],
          [
            107.858477,
            13.13545
          ],
          [
            107.858602,
            13.134481
          ],
          [
            107.858695,
            13.133959
          ],
          [
            107.858698,
            13.13374
          ],
          [
            107.858809,
            13.132664
          ],
          [
            107.858919,
            13.131752
          ],
          [
            107.858984,
            13.130895
          ],
          [
            107.859098,
            13.129983
          ],
          [
            107.859169,
            13.129881
          ],
          [
            107.861215,
            13.130305
          ],
          [
            107.861607,
            13.129442
          ],
          [
            107.862011,
            13.129552
          ],
          [
            107.862127,
            13.128653
          ],
          [
            107.863515,
            13.12917
          ],
          [
            107.863742,
            13.128262
          ],
          [
            107.863695,
            13.127353
          ],
          [
            107.864516,
            13.127334
          ],
          [
            107.86455,
            13.127119
          ],
          [
            107.865189,
            13.127024
          ],
          [
            107.866245,
            13.126686
          ],
          [
            107.865907,
            13.125807
          ],
          [
            107.8663,
            13.125715
          ],
          [
            107.867184,
            13.124541
          ],
          [
            107.867861,
            13.125044
          ],
          [
            107.867519,
            13.125678
          ],
          [
            107.86734,
            13.125901
          ],
          [
            107.867289,
            13.126057
          ],
          [
            107.867308,
            13.126775
          ]
        ]
      }
    },
    {
      "type": "Feature",
      "properties": {
        "name": "Ranh giới địa phận Ea Súp (Vùng 11)",
        "description": "Đường ranh giới hành chính thôn buôn xã Ea Súp",
        "color": "#e100e1",
        "weight": 3,
        "opacity": 0.85
      },
      "geometry": {
        "type": "LineString",
        "coordinates": [
          [
            107.848345,
            13.117739
          ],
          [
            107.852387,
            13.118205
          ],
          [
            107.851061,
            13.12109
          ],
          [
            107.85083,
            13.121081
          ],
          [
            107.850483,
            13.121193
          ],
          [
            107.850462,
            13.121288
          ],
          [
            107.8504,
            13.121316
          ],
          [
            107.850256,
            13.121292
          ],
          [
            107.850183,
            13.121312
          ],
          [
            107.84997,
            13.121478
          ],
          [
            107.849834,
            13.12153
          ],
          [
            107.849714,
            13.121707
          ],
          [
            107.849642,
            13.1218
          ],
          [
            107.849527,
            13.121835
          ],
          [
            107.849084,
            13.122064
          ],
          [
            107.849032,
            13.121999
          ],
          [
            107.848544,
            13.122214
          ],
          [
            107.848597,
            13.12228
          ],
          [
            107.848517,
            13.122401
          ],
          [
            107.848349,
            13.122578
          ],
          [
            107.848146,
            13.122697
          ],
          [
            107.847947,
            13.122668
          ],
          [
            107.847827,
            13.122491
          ],
          [
            107.847702,
            13.122537
          ],
          [
            107.847792,
            13.122757
          ],
          [
            107.847646,
            13.12294
          ],
          [
            107.84735,
            13.12274
          ],
          [
            107.847283,
            13.122687
          ],
          [
            107.847223,
            13.122918
          ],
          [
            107.847175,
            13.122924
          ],
          [
            107.84713,
            13.122915
          ],
          [
            107.847097,
            13.12302
          ],
          [
            107.847047,
            13.123057
          ],
          [
            107.84699,
            13.123065
          ],
          [
            107.846854,
            13.123054
          ],
          [
            107.846805,
            13.123033
          ],
          [
            107.846621,
            13.123087
          ],
          [
            107.846434,
            13.122973
          ],
          [
            107.846346,
            13.122884
          ],
          [
            107.845993,
            13.122946
          ],
          [
            107.845784,
            13.12274
          ],
          [
            107.845592,
            13.122656
          ],
          [
            107.845215,
            13.122754
          ],
          [
            107.84505,
            13.122587
          ],
          [
            107.844826,
            13.122501
          ],
          [
            107.844707,
            13.122481
          ],
          [
            107.844774,
            13.12212
          ],
          [
            107.845006,
            13.122166
          ],
          [
            107.844841,
            13.121725
          ],
          [
            107.844528,
            13.121992
          ],
          [
            107.844413,
            13.12218
          ],
          [
            107.844315,
            13.122161
          ],
          [
            107.844213,
            13.122286
          ],
          [
            107.844294,
            13.122389
          ],
          [
            107.844276,
            13.12247
          ],
          [
            107.844232,
            13.122516
          ],
          [
            107.844235,
            13.122665
          ],
          [
            107.844158,
            13.122747
          ],
          [
            107.844045,
            13.122796
          ],
          [
            107.843871,
            13.122908
          ],
          [
            107.843855,
            13.122916
          ],
          [
            107.843747,
            13.122864
          ],
          [
            107.843632,
            13.122873
          ],
          [
            107.843571,
            13.122851
          ],
          [
            107.843566,
            13.122849
          ],
          [
            107.843563,
            13.122825
          ],
          [
            107.843454,
            13.122829
          ],
          [
            107.843338,
            13.122769
          ],
          [
            107.843073,
            13.122878
          ],
          [
            107.843054,
            13.12285
          ],
          [
            107.843033,
            13.122768
          ],
          [
            107.842952,
            13.122781
          ],
          [
            107.842802,
            13.122843
          ],
          [
            107.842742,
            13.122895
          ],
          [
            107.842732,
            13.122971
          ],
          [
            107.842747,
            13.123046
          ],
          [
            107.842799,
            13.123103
          ],
          [
            107.842776,
            13.123163
          ],
          [
            107.842738,
            13.123207
          ],
          [
            107.84267,
            13.123167
          ],
          [
            107.842597,
            13.123149
          ],
          [
            107.842532,
            13.123172
          ],
          [
            107.842565,
            13.123254
          ],
          [
            107.842603,
            13.123419
          ],
          [
            107.842582,
            13.123517
          ],
          [
            107.842621,
            13.123575
          ],
          [
            107.842772,
            13.123621
          ],
          [
            107.842723,
            13.123797
          ],
          [
            107.842598,
            13.123739
          ],
          [
            107.842445,
            13.12374
          ],
          [
            107.842446,
            13.123823
          ],
          [
            107.842461,
            13.123861
          ],
          [
            107.842455,
            13.123925
          ],
          [
            107.842475,
            13.12393
          ],
          [
            107.842524,
            13.124028
          ],
          [
            107.842539,
            13.124104
          ],
          [
            107.842534,
            13.124177
          ],
          [
            107.842553,
            13.124206
          ],
          [
            107.842535,
            13.124302
          ],
          [
            107.842546,
            13.124351
          ],
          [
            107.842516,
            13.124393
          ],
          [
            107.842277,
            13.124414
          ],
          [
            107.842309,
            13.124458
          ],
          [
            107.842304,
            13.124542
          ],
          [
            107.84232,
            13.124606
          ],
          [
            107.842235,
            13.124739
          ],
          [
            107.842224,
            13.124841
          ],
          [
            107.842185,
            13.124887
          ],
          [
            107.842125,
            13.125098
          ],
          [
            107.842001,
            13.125025
          ],
          [
            107.841896,
            13.125233
          ],
          [
            107.841884,
            13.125494
          ],
          [
            107.841803,
            13.125673
          ],
          [
            107.841574,
            13.125843
          ],
          [
            107.841569,
            13.125921
          ],
          [
            107.841484,
            13.126152
          ],
          [
            107.84137,
            13.126282
          ],
          [
            107.841258,
            13.126386
          ],
          [
            107.841172,
            13.126443
          ],
          [
            107.841102,
            13.126564
          ],
          [
            107.840908,
            13.126688
          ],
          [
            107.840534,
            13.126694
          ],
          [
            107.840465,
            13.126658
          ],
          [
            107.840456,
            13.126628
          ],
          [
            107.840157,
            13.126478
          ],
          [
            107.84011,
            13.126391
          ],
          [
            107.840057,
            13.126333
          ],
          [
            107.839972,
            13.126361
          ],
          [
            107.839875,
            13.126289
          ],
          [
            107.839827,
            13.126211
          ],
          [
            107.839754,
            13.126281
          ],
          [
            107.839625,
            13.126302
          ],
          [
            107.8396,
            13.12627
          ],
          [
            107.839312,
            13.12629
          ],
          [
            107.8392,
            13.126259
          ],
          [
            107.839037,
            13.126312
          ],
          [
            107.839028,
            13.126357
          ],
          [
            107.839026,
            13.126526
          ],
          [
            107.838976,
            13.126589
          ],
          [
            107.838972,
            13.126686
          ],
          [
            107.838812,
            13.126744
          ],
          [
            107.838662,
            13.126824
          ],
          [
            107.838574,
            13.1268
          ],
          [
            107.838289,
            13.12688
          ],
          [
            107.838102,
            13.126979
          ],
          [
            107.83803,
            13.12703
          ],
          [
            107.837731,
            13.127235
          ],
          [
            107.837574,
            13.127357
          ],
          [
            107.837396,
            13.127555
          ],
          [
            107.837422,
            13.127627
          ],
          [
            107.837539,
            13.127706
          ],
          [
            107.837631,
            13.127677
          ],
          [
            107.837702,
            13.127775
          ],
          [
            107.837725,
            13.127874
          ],
          [
            107.837721,
            13.128056
          ],
          [
            107.837745,
            13.128116
          ],
          [
            107.837694,
            13.12822
          ],
          [
            107.837477,
            13.128184
          ],
          [
            107.837376,
            13.128215
          ],
          [
            107.837342,
            13.128359
          ],
          [
            107.837442,
            13.128482
          ],
          [
            107.837397,
            13.128539
          ],
          [
            107.837243,
            13.128539
          ],
          [
            107.837179,
            13.128604
          ],
          [
            107.837097,
            13.128568
          ],
          [
            107.836684,
            13.128691
          ],
          [
            107.836598,
            13.128554
          ],
          [
            107.836144,
            13.12887
          ],
          [
            107.836137,
            13.128995
          ],
          [
            107.836139,
            13.129093
          ],
          [
            107.835787,
            13.12927
          ],
          [
            107.835645,
            13.129103
          ],
          [
            107.835515,
            13.129015
          ],
          [
            107.835315,
            13.129025
          ],
          [
            107.835287,
            13.129054
          ],
          [
            107.835216,
            13.129288
          ],
          [
            107.835023,
            13.129391
          ],
          [
            107.834694,
            13.129434
          ],
          [
            107.834615,
            13.129175
          ],
          [
            107.834647,
            13.129024
          ],
          [
            107.83462,
            13.128985
          ],
          [
            107.834446,
            13.129085
          ],
          [
            107.834245,
            13.129142
          ],
          [
            107.834136,
            13.129268
          ],
          [
            107.833868,
            13.129386
          ],
          [
            107.833807,
            13.129337
          ],
          [
            107.833742,
            13.12942
          ],
          [
            107.833336,
            13.129563
          ],
          [
            107.833169,
            13.129698
          ],
          [
            107.833192,
            13.130078
          ],
          [
            107.832931,
            13.130332
          ],
          [
            107.83279,
            13.130332
          ],
          [
            107.832701,
            13.130194
          ],
          [
            107.832621,
            13.130118
          ],
          [
            107.832625,
            13.130077
          ],
          [
            107.832575,
            13.130027
          ],
          [
            107.832461,
            13.130063
          ],
          [
            107.832285,
            13.129981
          ],
          [
            107.832298,
            13.129821
          ],
          [
            107.832225,
            13.129786
          ],
          [
            107.832037,
            13.129739
          ],
          [
            107.831823,
            13.129672
          ],
          [
            107.831699,
            13.129619
          ],
          [
            107.831593,
            13.129571
          ],
          [
            107.831463,
            13.129517
          ],
          [
            107.831215,
            13.129426
          ],
          [
            107.831171,
            13.129394
          ],
          [
            107.831077,
            13.129294
          ],
          [
            107.830843,
            13.129149
          ],
          [
            107.83083,
            13.129128
          ],
          [
            107.83064,
            13.128824
          ],
          [
            107.829911,
            13.12849
          ],
          [
            107.829045,
            13.128095
          ],
          [
            107.829047,
            13.128013
          ],
          [
            107.829051,
            13.127627
          ],
          [
            107.829028,
            13.127411
          ],
          [
            107.828986,
            13.127199
          ],
          [
            107.828956,
            13.127037
          ],
          [
            107.828948,
            13.1269
          ],
          [
            107.828971,
            13.12673
          ],
          [
            107.829033,
            13.12661
          ],
          [
            107.829039,
            13.126597
          ],
          [
            107.829133,
            13.126514
          ],
          [
            107.829243,
            13.12646
          ],
          [
            107.829404,
            13.126415
          ],
          [
            107.829527,
            13.126402
          ],
          [
            107.829645,
            13.126406
          ],
          [
            107.829887,
            13.126452
          ],
          [
            107.830086,
            13.126523
          ],
          [
            107.830276,
            13.126569
          ],
          [
            107.830422,
            13.126577
          ],
          [
            107.830664,
            13.126606
          ],
          [
            107.830825,
            13.126623
          ],
          [
            107.831045,
            13.126648
          ],
          [
            107.831269,
            13.126673
          ],
          [
            107.831392,
            13.126682
          ],
          [
            107.831557,
            13.126678
          ],
          [
            107.831784,
            13.126645
          ],
          [
            107.831983,
            13.126591
          ],
          [
            107.832212,
            13.126508
          ],
          [
            107.832339,
            13.126454
          ],
          [
            107.832419,
            13.126404
          ],
          [
            107.832496,
            13.126346
          ],
          [
            107.832585,
            13.126263
          ],
          [
            107.832657,
            13.126147
          ],
          [
            107.832763,
            13.125947
          ],
          [
            107.832879,
            13.12579
          ],
          [
            107.833015,
            13.125599
          ],
          [
            107.833121,
            13.125412
          ],
          [
            107.833219,
            13.1252
          ],
          [
            107.833297,
            13.12498
          ],
          [
            107.833314,
            13.124884
          ],
          [
            107.833314,
            13.124797
          ],
          [
            107.833314,
            13.124789
          ],
          [
            107.83328,
            13.124693
          ],
          [
            107.833208,
            13.124581
          ],
          [
            107.833088,
            13.124435
          ],
          [
            107.832978,
            13.124307
          ],
          [
            107.83291,
            13.124211
          ],
          [
            107.832893,
            13.124153
          ],
          [
            107.832897,
            13.124078
          ],
          [
            107.832936,
            13.123966
          ],
          [
            107.832946,
            13.123859
          ],
          [
            107.833069,
            13.123774
          ],
          [
            107.833221,
            13.123758
          ],
          [
            107.833479,
            13.123763
          ],
          [
            107.833852,
            13.123819
          ],
          [
            107.834057,
            13.123888
          ],
          [
            107.834234,
            13.123977
          ],
          [
            107.834461,
            13.124143
          ],
          [
            107.834641,
            13.124288
          ],
          [
            107.834831,
            13.124439
          ],
          [
            107.834974,
            13.124543
          ],
          [
            107.835148,
            13.124626
          ],
          [
            107.835296,
            13.124688
          ],
          [
            107.835465,
            13.12473
          ],
          [
            107.835687,
            13.124756
          ],
          [
            107.835925,
            13.124761
          ],
          [
            107.836147,
            13.124741
          ],
          [
            107.836454,
            13.124694
          ],
          [
            107.836634,
            13.124658
          ],
          [
            107.836813,
            13.124591
          ],
          [
            107.836961,
            13.124466
          ],
          [
            107.83712,
            13.124311
          ],
          [
            107.837365,
            13.123976
          ],
          [
            107.837422,
            13.123898
          ],
          [
            107.837661,
            13.123657
          ],
          [
            107.837881,
            13.123509
          ],
          [
            107.838101,
            13.123392
          ],
          [
            107.83827,
            13.123324
          ],
          [
            107.838402,
            13.123324
          ],
          [
            107.838528,
            13.123342
          ],
          [
            107.83866,
            13.123435
          ],
          [
            107.838785,
            13.123627
          ],
          [
            107.838848,
            13.123806
          ],
          [
            107.838923,
            13.123886
          ],
          [
            107.839124,
            13.123976
          ],
          [
            107.83933,
            13.124037
          ],
          [
            107.839483,
            13.124043
          ],
          [
            107.839732,
            13.124032
          ],
          [
            107.839872,
            13.124004
          ],
          [
            107.839958,
            13.123976
          ],
          [
            107.840158,
            13.123922
          ],
          [
            107.840328,
            13.123817
          ],
          [
            107.840542,
            13.123608
          ],
          [
            107.840598,
            13.123478
          ],
          [
            107.840623,
            13.123404
          ],
          [
            107.840636,
            13.123256
          ],
          [
            107.840617,
            13.123181
          ],
          [
            107.84046,
            13.123008
          ],
          [
            107.840046,
            13.122742
          ],
          [
            107.839406,
            13.122273
          ],
          [
            107.839242,
            13.122124
          ],
          [
            107.839161,
            13.121951
          ],
          [
            107.839123,
            13.121754
          ],
          [
            107.83913,
            13.12168
          ],
          [
            107.839136,
            13.121655
          ],
          [
            107.839186,
            13.121494
          ],
          [
            107.839306,
            13.121352
          ],
          [
            107.839431,
            13.121291
          ],
          [
            107.839551,
            13.121291
          ],
          [
            107.83972,
            13.121383
          ],
          [
            107.839871,
            13.121581
          ],
          [
            107.840015,
            13.121692
          ],
          [
            107.840254,
            13.121779
          ],
          [
            107.840511,
            13.121785
          ],
          [
            107.840807,
            13.121662
          ],
          [
            107.841014,
            13.121477
          ],
          [
            107.841083,
            13.121341
          ],
          [
            107.841083,
            13.121193
          ],
          [
            107.841046,
            13.121032
          ],
          [
            107.840989,
            13.120933
          ],
          [
            107.840788,
            13.120735
          ],
          [
            107.840531,
            13.12055
          ],
          [
            107.840305,
            13.12047
          ],
          [
            107.84006,
            13.120401
          ],
          [
            107.839865,
            13.120296
          ],
          [
            107.83979,
            13.120247
          ],
          [
            107.839351,
            13.119925
          ],
          [
            107.839137,
            13.119734
          ],
          [
            107.838905,
            13.119536
          ],
          [
            107.838761,
            13.119351
          ],
          [
            107.838673,
            13.119184
          ],
          [
            107.838591,
            13.118906
          ],
          [
            107.838554,
            13.118609
          ],
          [
            107.838567,
            13.118307
          ],
          [
            107.838617,
            13.117887
          ],
          [
            107.838642,
            13.117572
          ],
          [
            107.838636,
            13.117257
          ],
          [
            107.838605,
            13.116855
          ],
          [
            107.838605,
            13.116676
          ],
          [
            107.838618,
            13.116522
          ],
          [
            107.838687,
            13.116349
          ],
          [
            107.838794,
            13.116194
          ],
          [
            107.839121,
            13.115836
          ],
          [
            107.839762,
            13.11546
          ],
          [
            107.840365,
            13.115195
          ],
          [
            107.840842,
            13.114979
          ],
          [
            107.841175,
            13.114837
          ],
          [
            107.841577,
            13.114738
          ],
          [
            107.841703,
            13.11464
          ],
          [
            107.841841,
            13.114454
          ],
          [
            107.841942,
            13.114269
          ],
          [
            107.84198,
            13.114164
          ],
          [
            107.842005,
            13.113985
          ],
          [
            107.841924,
            13.113553
          ],
          [
            107.841911,
            13.113225
          ],
          [
            107.841924,
            13.11291
          ],
          [
            107.842031,
            13.112651
          ],
          [
            107.842207,
            13.11241
          ],
          [
            107.842534,
            13.112194
          ],
          [
            107.842892,
            13.112028
          ],
          [
            107.843174,
            13.111972
          ],
          [
            107.843407,
            13.111991
          ],
          [
            107.843664,
            13.112003
          ],
          [
            107.843928,
            13.111948
          ],
          [
            107.844317,
            13.111661
          ],
          [
            107.844378,
            13.111613
          ],
          [
            107.844816,
            13.111295
          ],
          [
            107.84545,
            13.110984
          ],
          [
            107.845792,
            13.110801
          ],
          [
            107.846517,
            13.110305
          ],
          [
            107.846867,
            13.110121
          ],
          [
            107.847649,
            13.109865
          ],
          [
            107.848137,
            13.109681
          ],
          [
            107.848699,
            13.109417
          ],
          [
            107.849212,
            13.109201
          ],
          [
            107.84966,
            13.109081
          ],
          [
            107.850604,
            13.108906
          ],
          [
            107.851011,
            13.108834
          ],
          [
            107.851606,
            13.108714
          ],
          [
            107.852195,
            13.108524
          ],
          [
            107.852315,
            13.108826
          ],
          [
            107.852275,
            13.108837
          ],
          [
            107.852434,
            13.109436
          ],
          [
            107.852605,
            13.109401
          ],
          [
            107.852627,
            13.109475
          ],
          [
            107.852662,
            13.109469
          ],
          [
            107.852722,
            13.109673
          ],
          [
            107.85279,
            13.11017
          ],
          [
            107.852823,
            13.110354
          ],
          [
            107.852856,
            13.110358
          ],
          [
            107.852873,
            13.110474
          ],
          [
            107.852941,
            13.110747
          ],
          [
            107.852922,
            13.110791
          ],
          [
            107.852964,
            13.111191
          ],
          [
            107.852988,
            13.11132
          ],
          [
            107.853074,
            13.111481
          ],
          [
            107.853101,
            13.111566
          ],
          [
            107.853334,
            13.111522
          ],
          [
            107.853321,
            13.111926
          ],
          [
            107.853379,
            13.112121
          ],
          [
            107.853608,
            13.112052
          ],
          [
            107.853636,
            13.112187
          ],
          [
            107.853657,
            13.112189
          ],
          [
            107.853673,
            13.112225
          ],
          [
            107.853628,
            13.112237
          ],
          [
            107.853639,
            13.112355
          ],
          [
            107.854185,
            13.112615
          ],
          [
            107.854184,
            13.112648
          ],
          [
            107.853817,
            13.113069
          ],
          [
            107.853836,
            13.113077
          ],
          [
            107.853529,
            13.113811
          ],
          [
            107.853994,
            13.113862
          ],
          [
            107.85398,
            13.114
          ],
          [
            107.853841,
            13.114288
          ],
          [
            107.853722,
            13.114549
          ],
          [
            107.853905,
            13.114634
          ],
          [
            107.853759,
            13.114986
          ],
          [
            107.8537,
            13.115133
          ],
          [
            107.853769,
            13.115175
          ],
          [
            107.853713,
            13.115287
          ],
          [
            107.853846,
            13.11536
          ],
          [
            107.853591,
            13.11587
          ],
          [
            107.853469,
            13.116099
          ],
          [
            107.853804,
            13.11626
          ],
          [
            107.85339,
            13.116609
          ],
          [
            107.853237,
            13.116547
          ],
          [
            107.853151,
            13.116702
          ],
          [
            107.853074,
            13.116882
          ],
          [
            107.853096,
            13.116902
          ],
          [
            107.853039,
            13.116992
          ],
          [
            107.853096,
            13.11703
          ],
          [
            107.853122,
            13.117063
          ],
          [
            107.853116,
            13.117095
          ],
          [
            107.85304,
            13.117199
          ],
          [
            107.852974,
            13.117168
          ],
          [
            107.852928,
            13.117195
          ],
          [
            107.85263,
            13.117763
          ],
          [
            107.852514,
            13.117742
          ],
          [
            107.852225,
            13.117999
          ],
          [
            107.852146,
            13.118003
          ],
          [
            107.851649,
            13.117906
          ],
          [
            107.851662,
            13.117781
          ],
          [
            107.851621,
            13.117768
          ],
          [
            107.85152,
            13.117784
          ],
          [
            107.851473,
            13.117777
          ],
          [
            107.851158,
            13.11763
          ],
          [
            107.851422,
            13.117038
          ],
          [
            107.851526,
            13.116766
          ],
          [
            107.851749,
            13.116399
          ],
          [
            107.851966,
            13.116077
          ],
          [
            107.852064,
            13.115916
          ],
          [
            107.852128,
            13.115809
          ],
          [
            107.852294,
            13.115491
          ],
          [
            107.852502,
            13.114994
          ],
          [
            107.852718,
            13.114491
          ],
          [
            107.853039,
            13.11372
          ],
          [
            107.850972,
            13.113565
          ],
          [
            107.849344,
            13.113421
          ],
          [
            107.849039,
            13.113893
          ],
          [
            107.848104,
            13.115299
          ],
          [
            107.846687,
            13.117516
          ],
          [
            107.848345,
            13.117739
          ]
        ]
      }
    },
    {
      "type": "Feature",
      "properties": {
        "name": "Ranh giới địa phận Ea Súp (Vùng 12)",
        "description": "Đường ranh giới hành chính thôn buôn xã Ea Súp",
        "color": "#d27000",
        "weight": 3,
        "opacity": 0.85
      },
      "geometry": {
        "type": "LineString",
        "coordinates": [
          [
            107.876032,
            13.09601
          ],
          [
            107.876126,
            13.096348
          ],
          [
            107.876274,
            13.096398
          ],
          [
            107.876365,
            13.096498
          ],
          [
            107.876548,
            13.096485
          ],
          [
            107.876682,
            13.096516
          ],
          [
            107.876807,
            13.096446
          ],
          [
            107.877176,
            13.096451
          ],
          [
            107.877306,
            13.096677
          ],
          [
            107.877331,
            13.096761
          ],
          [
            107.877288,
            13.096948
          ],
          [
            107.877284,
            13.097239
          ],
          [
            107.877385,
            13.097378
          ],
          [
            107.877578,
            13.097419
          ],
          [
            107.877764,
            13.097343
          ],
          [
            107.877839,
            13.097472
          ],
          [
            107.877916,
            13.097623
          ],
          [
            107.877931,
            13.097739
          ],
          [
            107.877979,
            13.097825
          ],
          [
            107.877978,
            13.097899
          ],
          [
            107.87805,
            13.097945
          ],
          [
            107.878153,
            13.097985
          ],
          [
            107.878333,
            13.097758
          ],
          [
            107.878646,
            13.097322
          ],
          [
            107.878731,
            13.097287
          ],
          [
            107.878973,
            13.096911
          ],
          [
            107.879403,
            13.09635
          ],
          [
            107.880092,
            13.095514
          ],
          [
            107.880364,
            13.095157
          ],
          [
            107.880532,
            13.095024
          ],
          [
            107.880835,
            13.094474
          ],
          [
            107.88092,
            13.094286
          ],
          [
            107.881018,
            13.094051
          ],
          [
            107.881332,
            13.093328
          ],
          [
            107.881367,
            13.093347
          ],
          [
            107.881386,
            13.093739
          ],
          [
            107.881475,
            13.093869
          ],
          [
            107.881593,
            13.094253
          ],
          [
            107.881656,
            13.094294
          ],
          [
            107.881688,
            13.09433
          ],
          [
            107.881844,
            13.094382
          ],
          [
            107.882085,
            13.094385
          ],
          [
            107.88213,
            13.094365
          ],
          [
            107.882148,
            13.094415
          ],
          [
            107.882017,
            13.094428
          ],
          [
            107.881983,
            13.094668
          ],
          [
            107.881896,
            13.094833
          ],
          [
            107.882211,
            13.09516
          ],
          [
            107.882309,
            13.095268
          ],
          [
            107.882373,
            13.095427
          ],
          [
            107.882396,
            13.095559
          ],
          [
            107.882353,
            13.095783
          ],
          [
            107.882329,
            13.095982
          ],
          [
            107.882346,
            13.096096
          ],
          [
            107.882437,
            13.096274
          ],
          [
            107.882619,
            13.096406
          ],
          [
            107.882816,
            13.096466
          ],
          [
            107.882962,
            13.096609
          ],
          [
            107.883085,
            13.096787
          ],
          [
            107.883026,
            13.097214
          ],
          [
            107.882974,
            13.097267
          ],
          [
            107.882573,
            13.097388
          ],
          [
            107.882654,
            13.097468
          ],
          [
            107.882537,
            13.097465
          ],
          [
            107.882462,
            13.097381
          ],
          [
            107.882409,
            13.097391
          ],
          [
            107.882567,
            13.097541
          ],
          [
            107.882234,
            13.098317
          ],
          [
            107.881889,
            13.098752
          ],
          [
            107.881704,
            13.098845
          ],
          [
            107.881642,
            13.098945
          ],
          [
            107.881252,
            13.098976
          ],
          [
            107.881232,
            13.099063
          ],
          [
            107.880923,
            13.099203
          ],
          [
            107.880524,
            13.099523
          ],
          [
            107.880601,
            13.099613
          ],
          [
            107.88064,
            13.099832
          ],
          [
            107.880764,
            13.099777
          ],
          [
            107.880945,
            13.09983
          ],
          [
            107.880998,
            13.099917
          ],
          [
            107.880988,
            13.100112
          ],
          [
            107.880864,
            13.100246
          ],
          [
            107.880959,
            13.100359
          ],
          [
            107.881061,
            13.100359
          ],
          [
            107.881197,
            13.100286
          ],
          [
            107.881357,
            13.10019
          ],
          [
            107.88143,
            13.100198
          ],
          [
            107.881466,
            13.100396
          ],
          [
            107.881555,
            13.100435
          ],
          [
            107.881719,
            13.100423
          ],
          [
            107.881874,
            13.100222
          ],
          [
            107.88194,
            13.100167
          ],
          [
            107.882381,
            13.100384
          ],
          [
            107.882451,
            13.100385
          ],
          [
            107.882729,
            13.100544
          ],
          [
            107.883034,
            13.100626
          ],
          [
            107.883129,
            13.100475
          ],
          [
            107.883359,
            13.100626
          ],
          [
            107.883563,
            13.100821
          ],
          [
            107.883708,
            13.100831
          ],
          [
            107.883915,
            13.101066
          ],
          [
            107.883863,
            13.101215
          ],
          [
            107.884082,
            13.101283
          ],
          [
            107.884188,
            13.101038
          ],
          [
            107.884322,
            13.100997
          ],
          [
            107.884752,
            13.101084
          ],
          [
            107.885189,
            13.10122
          ],
          [
            107.885287,
            13.100869
          ],
          [
            107.885524,
            13.101046
          ],
          [
            107.885449,
            13.101296
          ],
          [
            107.885698,
            13.101409
          ],
          [
            107.885839,
            13.101597
          ],
          [
            107.886005,
            13.101498
          ],
          [
            107.885995,
            13.101541
          ],
          [
            107.885951,
            13.10173
          ],
          [
            107.886168,
            13.101905
          ],
          [
            107.88624,
            13.102084
          ],
          [
            107.886099,
            13.10213
          ],
          [
            107.886193,
            13.102225
          ],
          [
            107.886722,
            13.102936
          ],
          [
            107.886862,
            13.103447
          ],
          [
            107.887028,
            13.103488
          ],
          [
            107.887471,
            13.103433
          ],
          [
            107.887684,
            13.103494
          ],
          [
            107.887914,
            13.103296
          ],
          [
            107.888196,
            13.10359
          ],
          [
            107.888338,
            13.103562
          ],
          [
            107.888593,
            13.103841
          ],
          [
            107.889149,
            13.104557
          ],
          [
            107.889402,
            13.10472
          ],
          [
            107.88984,
            13.105133
          ],
          [
            107.890131,
            13.105866
          ]
        ]
      }
    },
    {
      "type": "Feature",
      "properties": {
        "name": "Ranh giới địa phận Ea Súp (Vùng 13)",
        "description": "Đường ranh giới hành chính thôn buôn xã Ea Súp",
        "color": "#b40000",
        "weight": 3,
        "opacity": 0.85
      },
      "geometry": {
        "type": "LineString",
        "coordinates": [
          [
            107.88984,
            13.105133
          ],
          [
            107.889402,
            13.10472
          ],
          [
            107.889149,
            13.104557
          ],
          [
            107.888593,
            13.103841
          ],
          [
            107.888338,
            13.103562
          ],
          [
            107.888196,
            13.10359
          ],
          [
            107.887914,
            13.103296
          ],
          [
            107.887684,
            13.103494
          ],
          [
            107.887471,
            13.103433
          ],
          [
            107.887028,
            13.103488
          ],
          [
            107.886862,
            13.103447
          ],
          [
            107.886722,
            13.102936
          ],
          [
            107.886193,
            13.102225
          ],
          [
            107.886099,
            13.10213
          ],
          [
            107.88624,
            13.102084
          ],
          [
            107.886168,
            13.101905
          ],
          [
            107.885951,
            13.10173
          ],
          [
            107.885995,
            13.101541
          ],
          [
            107.886005,
            13.101498
          ],
          [
            107.885979,
            13.101473
          ],
          [
            107.885839,
            13.101597
          ],
          [
            107.885698,
            13.101409
          ],
          [
            107.885449,
            13.101296
          ],
          [
            107.885524,
            13.101046
          ],
          [
            107.885287,
            13.100869
          ],
          [
            107.885189,
            13.10122
          ],
          [
            107.884752,
            13.101084
          ],
          [
            107.884322,
            13.100997
          ],
          [
            107.884188,
            13.101038
          ],
          [
            107.884082,
            13.101283
          ],
          [
            107.883863,
            13.101215
          ],
          [
            107.883915,
            13.101066
          ],
          [
            107.883708,
            13.100831
          ],
          [
            107.883563,
            13.100821
          ],
          [
            107.883359,
            13.100626
          ],
          [
            107.883129,
            13.100475
          ],
          [
            107.883034,
            13.100626
          ],
          [
            107.882729,
            13.100544
          ],
          [
            107.882451,
            13.100385
          ],
          [
            107.882381,
            13.100384
          ],
          [
            107.88194,
            13.100167
          ],
          [
            107.881874,
            13.100222
          ],
          [
            107.881719,
            13.100423
          ],
          [
            107.881555,
            13.100435
          ],
          [
            107.881466,
            13.100396
          ],
          [
            107.88143,
            13.100198
          ],
          [
            107.881357,
            13.10019
          ],
          [
            107.881197,
            13.100286
          ],
          [
            107.881061,
            13.100359
          ],
          [
            107.880959,
            13.100359
          ],
          [
            107.880864,
            13.100246
          ],
          [
            107.880988,
            13.100112
          ],
          [
            107.880998,
            13.099917
          ],
          [
            107.880945,
            13.09983
          ],
          [
            107.880764,
            13.099777
          ],
          [
            107.88064,
            13.099832
          ],
          [
            107.880601,
            13.099613
          ],
          [
            107.880524,
            13.099523
          ],
          [
            107.880923,
            13.099203
          ],
          [
            107.881232,
            13.099063
          ],
          [
            107.881252,
            13.098976
          ],
          [
            107.881642,
            13.098945
          ],
          [
            107.881704,
            13.098845
          ],
          [
            107.881889,
            13.098752
          ],
          [
            107.882234,
            13.098317
          ],
          [
            107.882567,
            13.097541
          ],
          [
            107.882409,
            13.097391
          ],
          [
            107.882462,
            13.097381
          ],
          [
            107.882537,
            13.097465
          ],
          [
            107.882654,
            13.097468
          ],
          [
            107.882573,
            13.097388
          ],
          [
            107.882974,
            13.097267
          ],
          [
            107.883026,
            13.097214
          ],
          [
            107.883085,
            13.096787
          ],
          [
            107.882962,
            13.096609
          ],
          [
            107.882816,
            13.096466
          ],
          [
            107.882619,
            13.096406
          ],
          [
            107.882437,
            13.096274
          ],
          [
            107.882346,
            13.096096
          ],
          [
            107.882329,
            13.095982
          ],
          [
            107.882353,
            13.095783
          ],
          [
            107.882396,
            13.095559
          ],
          [
            107.882373,
            13.095427
          ],
          [
            107.882309,
            13.095268
          ],
          [
            107.882211,
            13.09516
          ],
          [
            107.881896,
            13.094833
          ],
          [
            107.881983,
            13.094668
          ],
          [
            107.882017,
            13.094428
          ],
          [
            107.882148,
            13.094415
          ],
          [
            107.88213,
            13.094365
          ],
          [
            107.882085,
            13.094385
          ],
          [
            107.881844,
            13.094382
          ],
          [
            107.881688,
            13.09433
          ],
          [
            107.881656,
            13.094294
          ],
          [
            107.881593,
            13.094253
          ],
          [
            107.881475,
            13.093869
          ],
          [
            107.881386,
            13.093739
          ],
          [
            107.881367,
            13.093347
          ],
          [
            107.881332,
            13.093328
          ],
          [
            107.881018,
            13.094051
          ],
          [
            107.88092,
            13.094286
          ],
          [
            107.880835,
            13.094474
          ],
          [
            107.880532,
            13.095024
          ],
          [
            107.880364,
            13.095157
          ],
          [
            107.880092,
            13.095514
          ],
          [
            107.879403,
            13.09635
          ],
          [
            107.878973,
            13.096911
          ],
          [
            107.878731,
            13.097287
          ],
          [
            107.878646,
            13.097322
          ],
          [
            107.878333,
            13.097758
          ],
          [
            107.878153,
            13.097985
          ],
          [
            107.87805,
            13.097945
          ],
          [
            107.877978,
            13.097899
          ],
          [
            107.877979,
            13.097825
          ],
          [
            107.877931,
            13.097739
          ],
          [
            107.877916,
            13.097623
          ],
          [
            107.877839,
            13.097472
          ],
          [
            107.877764,
            13.097343
          ],
          [
            107.877578,
            13.097419
          ],
          [
            107.877385,
            13.097378
          ],
          [
            107.877284,
            13.097239
          ],
          [
            107.877288,
            13.096948
          ],
          [
            107.877331,
            13.096761
          ],
          [
            107.877306,
            13.096677
          ],
          [
            107.877176,
            13.096451
          ],
          [
            107.876807,
            13.096446
          ],
          [
            107.876682,
            13.096516
          ],
          [
            107.876548,
            13.096485
          ],
          [
            107.876365,
            13.096498
          ],
          [
            107.876274,
            13.096398
          ],
          [
            107.876126,
            13.096348
          ],
          [
            107.876032,
            13.09601
          ],
          [
            107.876075,
            13.095989
          ],
          [
            107.876376,
            13.095821
          ],
          [
            107.876798,
            13.095703
          ],
          [
            107.876997,
            13.095625
          ],
          [
            107.878105,
            13.095085
          ],
          [
            107.878919,
            13.094758
          ],
          [
            107.879505,
            13.094436
          ],
          [
            107.879912,
            13.094074
          ],
          [
            107.880168,
            13.093784
          ],
          [
            107.880371,
            13.093396
          ],
          [
            107.880458,
            13.093159
          ],
          [
            107.880452,
            13.092994
          ],
          [
            107.880422,
            13.092875
          ],
          [
            107.880315,
            13.092658
          ],
          [
            107.880075,
            13.092355
          ],
          [
            107.879921,
            13.092065
          ],
          [
            107.879771,
            13.091735
          ],
          [
            107.879611,
            13.091274
          ],
          [
            107.879551,
            13.091004
          ],
          [
            107.879565,
            13.090827
          ],
          [
            107.879626,
            13.090669
          ],
          [
            107.879728,
            13.090574
          ],
          [
            107.87978,
            13.090525
          ],
          [
            107.879935,
            13.090414
          ],
          [
            107.880186,
            13.090361
          ],
          [
            107.880481,
            13.090382
          ],
          [
            107.880695,
            13.090441
          ],
          [
            107.880882,
            13.090586
          ],
          [
            107.881076,
            13.090797
          ],
          [
            107.881162,
            13.090889
          ],
          [
            107.881243,
            13.090922
          ],
          [
            107.881336,
            13.090922
          ],
          [
            107.881484,
            13.090916
          ],
          [
            107.881618,
            13.090916
          ],
          [
            107.881785,
            13.09089
          ],
          [
            107.88205,
            13.09072
          ],
          [
            107.882151,
            13.090576
          ],
          [
            107.882185,
            13.090392
          ],
          [
            107.882139,
            13.090064
          ],
          [
            107.881982,
            13.08965
          ],
          [
            107.881863,
            13.089276
          ],
          [
            107.881737,
            13.088967
          ],
          [
            107.881724,
            13.08883
          ],
          [
            107.881757,
            13.088731
          ],
          [
            107.881868,
            13.088541
          ],
          [
            107.882042,
            13.088365
          ],
          [
            107.88261,
            13.087907
          ],
          [
            107.883008,
            13.087541
          ],
          [
            107.883195,
            13.087417
          ],
          [
            107.883463,
            13.087254
          ],
          [
            107.88373,
            13.087046
          ],
          [
            107.884168,
            13.086549
          ],
          [
            107.884428,
            13.086354
          ],
          [
            107.884648,
            13.086184
          ],
          [
            107.884909,
            13.086054
          ],
          [
            107.885402,
            13.085865
          ],
          [
            107.886117,
            13.085691
          ],
          [
            107.886261,
            13.086165
          ],
          [
            107.886382,
            13.086221
          ],
          [
            107.886578,
            13.086268
          ],
          [
            107.886663,
            13.086296
          ],
          [
            107.88683,
            13.08632
          ],
          [
            107.88693,
            13.08635
          ],
          [
            107.887053,
            13.086396
          ],
          [
            107.887227,
            13.086468
          ],
          [
            107.887606,
            13.086625
          ],
          [
            107.887677,
            13.086657
          ],
          [
            107.887933,
            13.086805
          ],
          [
            107.887979,
            13.086969
          ],
          [
            107.88803,
            13.087041
          ],
          [
            107.888501,
            13.087545
          ],
          [
            107.888507,
            13.087562
          ],
          [
            107.888364,
            13.087679
          ],
          [
            107.888408,
            13.087749
          ],
          [
            107.888683,
            13.088066
          ],
          [
            107.888719,
            13.088122
          ],
          [
            107.889096,
            13.088684
          ],
          [
            107.889403,
            13.088804
          ],
          [
            107.889376,
            13.088893
          ],
          [
            107.889395,
            13.088965
          ],
          [
            107.889401,
            13.089016
          ],
          [
            107.889392,
            13.089106
          ],
          [
            107.889401,
            13.089151
          ],
          [
            107.889457,
            13.08939
          ],
          [
            107.889476,
            13.089577
          ],
          [
            107.889492,
            13.089643
          ],
          [
            107.8895,
            13.089664
          ],
          [
            107.889572,
            13.089785
          ],
          [
            107.889629,
            13.089903
          ],
          [
            107.889668,
            13.090043
          ],
          [
            107.88967,
            13.090043
          ]
        ]
      }
    },
    {
      "type": "Feature",
      "properties": {
        "name": "Ranh giới địa phận Ea Súp (Vùng 14)",
        "description": "Đường ranh giới hành chính thôn buôn xã Ea Súp",
        "color": "#f00000",
        "weight": 3,
        "opacity": 0.85
      },
      "geometry": {
        "type": "LineString",
        "coordinates": [
          [
            107.866828,
            13.083729
          ],
          [
            107.866844,
            13.083717
          ],
          [
            107.86685,
            13.083708
          ],
          [
            107.866851,
            13.083707
          ],
          [
            107.866851,
            13.083706
          ],
          [
            107.866854,
            13.0837
          ],
          [
            107.866856,
            13.083692
          ],
          [
            107.866857,
            13.083685
          ],
          [
            107.86686,
            13.083672
          ],
          [
            107.866862,
            13.083661
          ],
          [
            107.866865,
            13.083644
          ],
          [
            107.866868,
            13.083616
          ],
          [
            107.86687,
            13.08359
          ],
          [
            107.866867,
            13.083558
          ],
          [
            107.866867,
            13.083543
          ],
          [
            107.866869,
            13.083527
          ],
          [
            107.866871,
            13.083517
          ],
          [
            107.866881,
            13.083494
          ],
          [
            107.866887,
            13.08348
          ],
          [
            107.866888,
            13.083477
          ],
          [
            107.866891,
            13.083474
          ],
          [
            107.866893,
            13.083471
          ],
          [
            107.866895,
            13.08347
          ],
          [
            107.866896,
            13.083468
          ],
          [
            107.866899,
            13.083466
          ],
          [
            107.866906,
            13.083462
          ],
          [
            107.866917,
            13.083458
          ],
          [
            107.866936,
            13.083451
          ],
          [
            107.867025,
            13.083419
          ],
          [
            107.867169,
            13.083373
          ],
          [
            107.867218,
            13.083356
          ],
          [
            107.867244,
            13.083346
          ],
          [
            107.867255,
            13.08334
          ],
          [
            107.867262,
            13.083334
          ],
          [
            107.867289,
            13.083293
          ],
          [
            107.867411,
            13.083096
          ],
          [
            107.867434,
            13.082931
          ],
          [
            107.867441,
            13.082814
          ],
          [
            107.867464,
            13.082701
          ],
          [
            107.867539,
            13.08249
          ],
          [
            107.867521,
            13.082371
          ],
          [
            107.867495,
            13.082292
          ],
          [
            107.867499,
            13.0822
          ],
          [
            107.86753,
            13.082125
          ],
          [
            107.867573,
            13.082077
          ],
          [
            107.867639,
            13.082037
          ],
          [
            107.867751,
            13.081976
          ],
          [
            107.867855,
            13.081897
          ],
          [
            107.867936,
            13.081813
          ],
          [
            107.86797,
            13.081709
          ],
          [
            107.867947,
            13.081625
          ],
          [
            107.867876,
            13.081549
          ],
          [
            107.867789,
            13.081457
          ],
          [
            107.867734,
            13.081343
          ],
          [
            107.867743,
            13.081252
          ],
          [
            107.867774,
            13.081185
          ],
          [
            107.867843,
            13.08113
          ],
          [
            107.867961,
            13.081102
          ],
          [
            107.868085,
            13.081097
          ],
          [
            107.86821,
            13.081095
          ],
          [
            107.86836,
            13.081102
          ],
          [
            107.868503,
            13.081072
          ],
          [
            107.86862,
            13.081004
          ],
          [
            107.868722,
            13.080926
          ],
          [
            107.868796,
            13.080848
          ],
          [
            107.868889,
            13.080737
          ],
          [
            107.868975,
            13.080613
          ],
          [
            107.869063,
            13.080465
          ],
          [
            107.869122,
            13.080333
          ],
          [
            107.86914,
            13.080223
          ],
          [
            107.873565,
            13.078852
          ],
          [
            107.874277,
            13.079261
          ],
          [
            107.876233,
            13.080384
          ],
          [
            107.875528,
            13.08124
          ],
          [
            107.875533,
            13.081699
          ],
          [
            107.875146,
            13.082866
          ],
          [
            107.875195,
            13.082885
          ],
          [
            107.878906,
            13.082286
          ],
          [
            107.879705,
            13.082981
          ],
          [
            107.878693,
            13.084028
          ],
          [
            107.874824,
            13.087997
          ],
          [
            107.874549,
            13.08779
          ],
          [
            107.874737,
            13.087549
          ],
          [
            107.874274,
            13.08717
          ],
          [
            107.874157,
            13.087015
          ],
          [
            107.874029,
            13.086951
          ],
          [
            107.873771,
            13.086914
          ],
          [
            107.873625,
            13.08681
          ],
          [
            107.873557,
            13.08673
          ],
          [
            107.873432,
            13.086624
          ],
          [
            107.873309,
            13.086517
          ],
          [
            107.873034,
            13.086371
          ],
          [
            107.872823,
            13.086192
          ],
          [
            107.872615,
            13.08606
          ],
          [
            107.872437,
            13.085983
          ],
          [
            107.872229,
            13.085925
          ],
          [
            107.872088,
            13.085867
          ],
          [
            107.871974,
            13.085882
          ],
          [
            107.871904,
            13.085801
          ],
          [
            107.871676,
            13.085784
          ],
          [
            107.871401,
            13.085948
          ],
          [
            107.871139,
            13.085659
          ],
          [
            107.870992,
            13.085441
          ],
          [
            107.870782,
            13.085509
          ],
          [
            107.870693,
            13.085614
          ],
          [
            107.870046,
            13.085754
          ],
          [
            107.869814,
            13.085785
          ],
          [
            107.86966,
            13.085835
          ],
          [
            107.869572,
            13.085894
          ],
          [
            107.869288,
            13.08593
          ],
          [
            107.869167,
            13.085879
          ],
          [
            107.869107,
            13.085815
          ],
          [
            107.869078,
            13.085661
          ],
          [
            107.868248,
            13.08571
          ],
          [
            107.868029,
            13.085712
          ],
          [
            107.867476,
            13.08502
          ],
          [
            107.866994,
            13.084421
          ],
          [
            107.866876,
            13.084387
          ],
          [
            107.866761,
            13.084345
          ],
          [
            107.866625,
            13.084281
          ],
          [
            107.866577,
            13.084195
          ],
          [
            107.866566,
            13.0841
          ],
          [
            107.866622,
            13.083934
          ],
          [
            107.86664,
            13.083821
          ],
          [
            107.866637,
            13.083772
          ],
          [
            107.86665,
            13.083741
          ],
          [
            107.866671,
            13.083731
          ],
          [
            107.866731,
            13.083733
          ],
          [
            107.86679,
            13.083733
          ],
          [
            107.866828,
            13.083729
          ]
        ]
      }
    },
    {
      "type": "Feature",
      "properties": {
        "name": "Ranh giới địa phận Ea Súp (Vùng 15)",
        "description": "Đường ranh giới hành chính thôn buôn xã Ea Súp",
        "color": "#ffff00",
        "weight": 3,
        "opacity": 0.85
      },
      "geometry": {
        "type": "LineString",
        "coordinates": [
          [
            107.886042,
            13.069063
          ],
          [
            107.886017,
            13.068954
          ],
          [
            107.885796,
            13.068954
          ],
          [
            107.885797,
            13.068966
          ],
          [
            107.885844,
            13.069014
          ],
          [
            107.885878,
            13.069054
          ],
          [
            107.885908,
            13.069092
          ],
          [
            107.885929,
            13.069127
          ],
          [
            107.885936,
            13.069143
          ],
          [
            107.885942,
            13.069159
          ],
          [
            107.885945,
            13.069174
          ],
          [
            107.885946,
            13.06919
          ],
          [
            107.885944,
            13.069204
          ],
          [
            107.885941,
            13.069218
          ],
          [
            107.885935,
            13.069229
          ],
          [
            107.885927,
            13.069239
          ],
          [
            107.885917,
            13.069247
          ],
          [
            107.885906,
            13.069253
          ],
          [
            107.885895,
            13.069256
          ],
          [
            107.885884,
            13.069258
          ],
          [
            107.885861,
            13.069254
          ],
          [
            107.885841,
            13.069245
          ],
          [
            107.885833,
            13.069238
          ],
          [
            107.885826,
            13.06923
          ],
          [
            107.885821,
            13.069221
          ],
          [
            107.885818,
            13.06921
          ],
          [
            107.885804,
            13.06921
          ],
          [
            107.885816,
            13.069237
          ],
          [
            107.885828,
            13.06926
          ],
          [
            107.88584,
            13.069278
          ],
          [
            107.885853,
            13.069292
          ],
          [
            107.885867,
            13.069302
          ],
          [
            107.885884,
            13.06931
          ],
          [
            107.885903,
            13.069314
          ],
          [
            107.885924,
            13.069316
          ],
          [
            107.885941,
            13.069315
          ],
          [
            107.885956,
            13.069311
          ],
          [
            107.885971,
            13.069305
          ],
          [
            107.885985,
            13.069297
          ],
          [
            107.885999,
            13.069283
          ],
          [
            107.88601,
            13.069266
          ],
          [
            107.886017,
            13.069246
          ],
          [
            107.886019,
            13.069223
          ],
          [
            107.886017,
            13.0692
          ],
          [
            107.88601,
            13.069176
          ],
          [
            107.886003,
            13.06916
          ],
          [
            107.885994,
            13.069144
          ],
          [
            107.885982,
            13.069129
          ],
          [
            107.885969,
            13.069114
          ],
          [
            107.885871,
            13.069022
          ],
          [
            107.885975,
            13.069022
          ],
          [
            107.885988,
            13.069023
          ],
          [
            107.885999,
            13.069026
          ],
          [
            107.886008,
            13.06903
          ],
          [
            107.886015,
            13.069036
          ],
          [
            107.886029,
            13.069063
          ],
          [
            107.886042,
            13.069063
          ]
        ]
      }
    }
  ]
}